id,domain,status,purchase_price,renewal_price,attractiveness,demand,length,registrar,created_at,expires_at,status_verified_at
d7a8e2a2-568d-46ac-b401-305d3f046238,aberrant.pro,available,3.48,33.98,high,low,8,namecheap,,,
fdb448c1-e3b2-4eac-a9d7-2be6684e23fd,nostell.pro,available,,,high,high,7,,,,
0a0acf49-5fe6-401b-a279-c720b9f2664c,verify.pro,available,,,high,low,6,,,,
a4cc8df3-a4fa-47d3-91b8-5e7de5c95c9e,allow.pro,resell,,,high,low,5,"Sav.com, LLC - 36",19/04/2026 15:16,19/04/2027 15:16,06/08/2026 09:03
a47d0cba-9000-4081-809d-edff2ec04052,sower.pro,available,,,high,high,5,,,,
a47955a4-7968-4c9f-be04-08e6781d599b,moneyward.pro,available,,,high,high,9,,,,
523e8bb8-008b-4b11-92e4-5bd53cab4c27,sprang.pro,available,,,high,high,6,,,,
7866dea7-a973-4714-b643-ee7f357057a8,thanked.pro,available,,,high,low,7,,,,
d12c1066-b5bc-4e67-a283-66c7906bdca2,uncorking.pro,available,,,high,low,9,,,,
999c5891-e655-470a-aa07-f127dbf9feb5,finishes.pro,available,,,high,low,8,,,,
03c25095-6331-47fe-bb41-e43f0389c84a,grafts.pro,available,,,medium,low,6,,,,
504c8827-2709-42d9-8daa-08ad1a129dbf,slicked.pro,available,1.98,33.98,high,low,7,namecheap,,,08/09/2026 20:52
f59b8f5f-fc97-43f6-aa79-15265f689593,fraternally.pro,available,,,high,high,11,,,,
a2ed6f0b-0592-42d2-8315-1e18bfa49771,coordinative.pro,available,,,high,high,12,,,,
a006e861-ade1-423c-834a-52c7419cd8b3,heliport.pro,available,,,high,high,8,,,,
7d63497b-0ff5-4854-919a-8b9415ccbdc8,acre.pro,resell,,,high,low,4,AccentDomains LLC,02/12/2025 15:15,02/12/2026 15:15,
f65ee46c-bef4-418a-9c66-2fc1dfd1ed3f,companionships.pro,available,,,high,low,14,,,,
31c7a48d-22be-47d6-8c4f-1b8fbfa3afb2,soundful.pro,available,,,high,high,8,,,,
c10bcdda-5aee-4f56-80f4-cfbc01da958a,pawnshop.pro,resell,,,high,high,8,"Sav.com, LLC - 3",13/11/2024 17:00,13/11/2025 17:00,
86dbe9a5-3e7b-4db6-ab54-b2805686a36d,crystalise.pro,available,,,high,high,10,,,,
2774e6ff-58b3-4e9c-a168-6ed30e762deb,breathtaking.pro,available,3.58,29.49,high,low,12,namesilo,,,
2b158658-1544-43d3-9b44-dae5d439c2ab,neophytes.pro,available,,,high,low,9,,,,
00ac5f93-3dde-4acd-83c4-456aa1d9a91e,aramaic.pro,available,3.48,33.98,high,low,7,namecheap,,,06/08/2026 12:13
06ae2bfd-fc35-4703-a066-b81d2afb5adf,exaggerate.pro,available,3.58,29.49,high,low,10,namesilo,,,
f7a9babf-65e0-4bc2-a5c0-53ff291704f9,beholders.pro,available,,,high,low,9,,,,
3de9e334-8131-445c-a5b0-2aade3dbb82a,pharmacist.pro,resell,,,high,low,10,Unstoppable Domains Inc,05/07/2023 17:00,05/07/2027 17:00,
4fc20a53-3a15-40bd-89fd-a800d0b319bc,method.pro,resell,,,high,high,6,"GKG.NET, INC.",10/04/2014 01:12,10/04/2027 01:12,19/09/2026 13:57
1b07c0d1-c219-455b-8a10-a02f18cfc6b6,nutritionists.pro,available,,,high,low,13,,,,
c884c0eb-6ef5-4622-84da-a3213ff99dad,wickenburg.pro,available,,,high,high,10,,,,
bf86326c-d457-4cab-91a4-ed7927af9579,acerate.pro,available,3.48,33.98,high,low,7,namecheap,,,
f6a3c548-b4b2-4f22-9832-5ed4b62c0878,harry.pro,resell,,,high,high,5,Dynadot5 LLC,03/11/2021 14:30,03/11/2026 14:30,
4084c363-88e4-4dc9-a2ba-33cc805e90c4,jolene.pro,available,,,high,high,6,,,,
a50a3871-f5fa-40ca-a9cf-af187f6de413,bruschetta.pro,available,,,high,high,10,,,,
c03dfe83-0c15-4286-8cdd-dd0c437da7eb,chocolatey.pro,available,,,high,low,10,,,,
da040dfa-1c47-42f0-af45-c58ffdeea81c,quaintness.pro,available,,,high,high,10,,,,
e8f8d184-f0a9-4e0d-ae88-85964e2a307e,assertions.pro,available,,,high,low,10,,,,
08f9c1dd-0174-44cc-ba9a-560be170d3c8,applesaucey.pro,available,,,high,high,11,,,,
2d47b73b-7e76-422a-b875-587a9302a220,zoic.pro,available,1.98,33.98,high,low,4,namecheap,,,13/09/2026 15:25
550a9541-7a6b-4d7f-a976-9076efb8e8a2,caroller.pro,available,,,high,high,8,,,,
db5a97a9-597d-44e6-be88-5b0efc0301b9,hic.pro,premium,242,242,high,low,3,namesilo,,,
f4638723-4ba4-4cc3-ae3c-6015edaede6b,permitting.pro,available,,,high,high,10,,,,
c2415f41-c194-4831-a3db-17249fedbcbf,counteradvice.pro,available,,,high,high,13,,,,
801a007a-1c5a-4f41-a672-6f6558739cce,tangiers.pro,available,,,high,high,8,,,,
de7322e8-0342-4d50-85e1-3e38f731abb1,successor.pro,available,4.99,,high,low,9,name.com,,,
ddb2a2c9-cfaf-485b-b7f7-ac7ad5c78688,sidestroke.pro,available,,,high,high,10,,,,
5a5d2734-76c2-4408-9b52-653e8c0c76a6,pizzazz.pro,available,,,high,high,7,,,,
5883f5ec-2290-455a-822f-ebda10129165,outplace.pro,available,,,high,high,8,,,,
7f5fa44b-72e2-4dfb-bc60-069b06883374,abounded.pro,available,,,medium,low,8,,,,
e1dce4ce-819f-4bb0-8641-39476cb7debd,restaffing.pro,available,,,high,high,10,,,,
dd6a2742-c73f-45a3-a8de-c65843df84b1,makars.pro,available,,,medium,low,6,,,,
af608d64-9072-48e6-8813-073c54587343,spirits.pro,resell,,,high,low,7,"Soluciones Corporativas IP, SL",08/11/2007 00:00,08/11/2026 00:00,
24dad4aa-c624-4556-b7c5-6a4599557d62,decongestant.pro,available,,,high,high,12,,,,
344f3d0e-f580-48de-8017-57d399ca18d0,developer.pro,resell,,,high,low,9,"NameSilo, LLC",21/06/2008 00:00,21/06/2026 00:00,
5172ccab-1307-40bc-becd-faff41d1eb40,ironmongers.pro,available,,,medium,low,11,,,,
374d9cfe-8c28-4292-80ca-8518fd26215a,latticed.pro,available,3.48,33.98,high,low,8,namecheap,,,22/08/2026 08:06
7a0e31e0-3b64-4cdd-8c23-9183f05248bd,stadlau.pro,available,,,high,high,7,,,,
f5318214-06b7-4ee3-b687-5c0f97907615,retime.pro,available,,,high,high,6,,,,
4302f845-7fab-42aa-b6a1-342140daa6e6,unconditioned.pro,available,,,high,low,13,,,,
8870c00b-d48b-4d33-b9a1-ee4bb7cde357,peered.pro,available,,,medium,low,6,,,,
554cd095-b3d9-4161-a368-c06a1bc84f81,freeclimb.pro,available,,,high,high,10,,,,
5b505737-41aa-4c1b-870d-b6c8d6bfde35,uncdf.pro,available,,,high,high,5,,,,
39c3e155-18e8-48dc-9750-d97c2ea5557b,varves.pro,available,,,medium,low,6,,,,
5238378a-872d-4f44-9d0a-343038f2d918,valueable.pro,available,3.58,29.49,high,low,9,namesilo,,,
a33577b5-542b-436d-a4a5-d5392f8ee70e,comedically.pro,available,,,high,high,11,,,,
d6f25229-a4a4-410e-ae61-a3d78d2d6894,preannounce.pro,available,,,high,high,11,,,,
4d985d83-036e-48af-9d46-025273e26101,upholsterer.pro,available,,,high,high,11,,,,
bd502889-b499-4996-8d50-a00bf62e9dc6,condenses.pro,available,,,high,low,9,,,,
321ce9e3-a5a3-4da4-8f4b-ff75ed054aca,risible.pro,available,3.48,33.98,high,low,7,namecheap,,,12/08/2026 19:02
512e817b-4297-499e-a98f-7f4e804c9854,slobland.pro,available,,,high,high,8,,,,
51bb08fd-cc35-4816-8987-3f29a8682253,undubitably.pro,available,,,high,high,11,,,,
a92021b3-8500-44f0-a0f0-1adb93c5b3e8,accubation.pro,available,,,high,high,10,,,,
56f7d42a-59bd-4e74-949b-41a0b4b4058a,expansional.pro,available,,,high,low,11,,,,
359aa407-d29a-4d82-b55d-f1788efe9029,capris.pro,available,,,high,low,6,,,,
ed543e9c-aa50-47ee-8bd8-befd23313ef5,tomboyishness.pro,available,,,medium,low,13,,,,
5b873a64-a59c-4f0e-8831-2819b19dac6a,obs.pro,available,,,high,medium,3,,,,
03de3e48-850f-4ffe-a924-b2d9c60e87a1,lactic.pro,available,1.98,33.98,high,low,6,namecheap,,,04/09/2026 08:23
60bb6db8-85ab-4e8d-ab31-b483499cc72b,pol.pro,available,,,high,high,3,,,,
00a33365-222e-470d-97be-f5ef001cf8fe,istanbullu.pro,available,,,high,high,10,,,,
e4d12336-33d0-46a8-87c9-3a507073c3a0,vilnius.pro,resell,,,high,high,7,Epik LLC,17/10/2022 17:01,17/10/2025 17:01,
1a12301f-48ae-4a24-a672-3fb5b3a995c5,married.pro,resell,,,high,low,7,"Sav.com, LLC - 31",01/09/2025 15:15,01/09/2027 15:15,23/09/2026 22:14
ea61e82a-6bbb-4299-85ff-a869c5ff463f,hugger.pro,available,,,high,high,6,,,,
d1515e5a-57b5-4cd1-99ef-ca7f571ebb77,nbc.pro,available,,,high,high,3,,,,
3aeff1a9-bf64-4885-9fa0-8f93f54f6a53,conjugal.pro,available,3.48,33.98,high,low,8,namecheap,,,12/08/2026 22:07
d16aedd0-01a1-48ee-b6aa-a7ae4e3a2660,stripling.pro,available,3.48,33.98,medium,low,9,namecheap,,,
eacd8449-9ff2-4a49-aa8c-a5a7bd07069e,tequila.pro,resell,,,high,high,7,"Sav.com, LLC - 4",05/02/2023 17:00,05/02/2026 17:00,
fcc91eac-b69d-4850-93d9-6ab2f7664caf,correctable.pro,available,,,high,high,11,,,,
08270f9f-deac-4984-ac0f-7bc56a487202,migrater.pro,available,,,high,high,8,,,,
27a45e8f-3529-4844-9058-99396d2ef0c4,tampere.pro,available,,,high,high,7,,,,
e84b1a82-fb35-4ed7-893d-91cdc6238702,funnyman.pro,available,,,high,high,9,,,,
4478d79b-d451-4d23-8830-d10960630a22,rosalynn.pro,available,,,high,high,8,,,,
ea835419-92cc-4fff-b844-4b3d00e5dd9a,lightens.pro,available,,,medium,low,8,,,,
b06f1e0c-f32b-49a3-afa9-09f9ac20c006,afrocuban.pro,available,,,high,high,10,,,,
654f44d2-143d-4209-a646-b1cc4d316d62,viviane.pro,available,,,high,high,7,,,,
e116ad22-60c1-453f-ac7c-4a0ea28fd1d1,retinitis.pro,available,,,high,high,9,,,,
ffbdff88-35fe-47fe-b236-f195cde96fab,mocambique.pro,available,,,high,high,10,,,,
bfc4f2b5-47ae-4548-ac1f-1dba3858da8f,weald.pro,available,,,high,high,5,,,,
4b385f13-3818-4e63-be4b-f4f5b4ff0353,weedkiller.pro,available,,,high,low,11,,,,
d1ea421a-731d-4726-ab22-2118b231202e,signer.pro,resell,,,high,high,6,Epik LLC,16/10/2022 17:01,16/10/2025 17:01,
c68d245e-1032-4797-8e86-bc73a875392a,ultimatums.pro,available,,,medium,low,10,,,,
948d9d8f-41f6-4a57-8f72-767dd94f3353,ilocano.pro,available,,,high,high,7,,,,
7b3ce3f8-345e-46c8-a4ed-181bda023af9,overfilled.pro,available,,,medium,low,10,,,,
b0ce02d3-795d-49cd-acaf-17022fd42868,dashingness.pro,available,,,medium,low,11,,,,
465f04b4-60f8-42e4-84fa-2b90cff74529,westmill.pro,available,,,high,high,8,,,,
b8190b87-df7d-481a-a9af-08f19adc857b,auld.pro,available,3.48,33.98,high,low,4,namecheap,,,07/08/2026 17:21
ce0e92dd-623c-45b7-bd87-d84c5ec68d5d,amusive.pro,available,3.48,33.98,high,low,7,namecheap,,,
76939fe0-ac6d-4651-969d-75ef3fc6ed58,prostate.pro,resell,,,high,low,8,"GoDaddy.com, LLC",27/03/2023 17:02,27/03/2027 17:02,09/09/2026 03:47
62beccd4-58b9-4bb9-9339-4092c8f278f3,unscrew.pro,available,,,high,high,7,,,,
e675b18b-44de-4548-a7f2-e407aa070207,psyches.pro,available,,,high,low,7,,,,
3d22be38-5301-4d4c-a4bd-cda0efbdb2dc,glorious.pro,resell,,,high,low,8,"Sav.com, LLC",23/07/2024 19:05,23/07/2027 19:05,20/08/2026 14:48
f081d7fb-a89b-4ff8-a4c7-3aead84050d3,contradicted.pro,available,,,high,high,12,,,,
83e5c5c1-9266-4e33-8eab-34bec8d688be,musclegirl.pro,available,,,high,high,11,,,,
dfb6cdb5-c7f1-4077-bca1-8f478a4e0059,troopers.pro,available,,,high,medium,8,,,,
d45d58ad-a282-4d5f-8fb3-69f7a82fd412,bmth.pro,available,,,high,high,4,,,,
e128949a-1dcb-4df3-9fa7-d84d5dd2ae0d,meddle.pro,available,3.58,29.49,high,low,6,namesilo,,,
ea307253-2193-459c-b309-42ecb40d1143,saskatonian.pro,available,,,high,high,11,,,,
128da1a2-dc50-4541-b190-35e96ba08743,lenience.pro,available,,,high,high,8,,,,
9b0c5916-584b-46a4-895f-750858867d0b,lollies.pro,available,,,high,low,7,,,,
4cd36f55-b9a1-4536-8f0c-99ec970ecc93,migratory.pro,available,3.48,33.98,high,low,9,namecheap,,,24/08/2026 22:49
03bbc7fe-d342-452e-9380-1422631c951a,blamelessness.pro,available,,,high,low,13,,,,
f6ce4275-6389-4cbb-adb3-3114a5605cb6,espoused.pro,available,,,medium,low,8,,,,
8b62bdb7-350c-4c47-b86f-1f7e4b9b2fe8,buffalos.pro,available,,,medium,low,8,,,,
a8f577f0-4cd7-4649-97b7-ca597847d079,countercathexis.pro,available,,,high,low,15,,,,
db3faa32-7f60-4a32-87a4-0ab9e9949a19,emancipation.pro,available,,,high,medium,12,,,,
3af5530a-b531-41ea-9f46-35287eafbb3d,reassert.pro,available,,,high,high,8,,,,
5b03d8cf-d72a-43f7-aa30-91484edeca8b,sandpapering.pro,available,,,high,high,12,,,,
36fd183d-2670-43fe-9a1d-2d174fa67d9f,sneezeguard.pro,available,,,high,high,11,,,,
afbcdb66-00fa-41cb-b853-54ca46e098ca,stellingen.pro,available,,,high,high,10,,,,
03e8508b-8299-4a15-af66-56c1be411931,befriend.pro,available,,,high,high,8,,,,
2723e53a-1251-49ee-baf5-fc910da4424e,beltfish.pro,available,,,high,high,8,,,,
afe77bcc-2453-43f1-af91-e7290926f39e,involtino.pro,available,,,medium,low,9,,,,
da3905ea-bb21-4fcd-b3c9-fcd18f47d221,truism.pro,available,,,high,high,6,,,,
f79cd556-ccc7-4755-94b5-fc7968efa1f6,invariably.pro,available,3.58,29.49,high,low,10,namesilo,,,
6105890a-888e-48f9-a87e-9ef4a652afed,reunionese.pro,available,,,high,high,10,,,,
188f9ca4-ef20-4ffd-8737-9a1327a581d1,frugal.pro,resell,,,high,high,6,"Sav.com, LLC - 37",09/03/2025 15:15,09/03/2026 15:15,
43cbf3a1-0b81-445c-8901-0b0c05596250,victor.pro,available,,,high,low,6,,,,
801e572c-46e2-4f65-903e-d1fac3dc8553,harmonisations.pro,available,,,medium,low,14,,,,
828804dd-e141-478b-9190-450ab6fc662b,inventiveness.pro,available,,,high,low,13,,,,
3e415197-2078-47e2-ac91-08333bed2bfb,searcher.pro,resell,,,high,high,8,"Sav.com, LLC - 6",28/08/2024 17:00,28/08/2025 17:00,
31f45e14-3760-49b5-889a-edb3e91faa05,curios.pro,available,,,high,medium,6,,,,
a171d894-2a50-4266-bf18-4a4b0d187146,inquisitively.pro,available,,,high,high,13,,,,
b5f4d5d9-1711-41e1-a243-fa00f0f8da6d,leanne.pro,available,,,high,high,6,,,,
8b99c835-1641-4135-8e4b-309e1418cc2d,encrypter.pro,available,,,high,high,9,,,,
0d2a0033-8253-4605-93cf-99a3fc827e80,frenchify.pro,available,,,high,high,9,,,,
885cc41f-d56f-4b31-ba30-7c4849a964c8,cherubimic.pro,available,,,high,high,10,,,,
b0212d85-1bcb-44e1-80f3-1b3e71b05510,collation.pro,available,,,high,high,9,,,,
7d9e4f50-0602-4e2d-bc23-6296083ebc6b,airtight.pro,available,3.48,33.98,high,low,8,namecheap,,,
8d8f2c13-d3d6-408d-a516-6cff8343bb09,metaphorically.pro,available,,,high,high,14,,,,
6bf9d688-7bdf-4391-b8be-63f748fc5558,wholistic.pro,available,,,high,high,9,,,,
a95791da-df4a-4ed5-a981-06c6e080cd15,jingly.pro,available,3.48,33.98,high,low,6,namecheap,,,22/08/2026 13:29
717a5c68-e695-4c57-85a9-756158b2a55c,friendlessness.pro,available,,,medium,low,14,,,,
0d8baf20-ef65-47b7-9f94-3d2fc6ee9a02,tenasserim.pro,available,,,high,high,10,,,,
fe9ec8b1-0589-42df-a99f-5cd7b937761f,medicinal.pro,available,3.48,33.98,high,low,9,namecheap,,,24/08/2026 19:01
dc7fd8dd-ef5b-4b8e-97af-2b13c4589453,brimming.pro,available,3.48,33.98,high,low,8,namecheap,,,11/08/2026 04:12
2bce5d0f-3d4f-46a0-a153-4543a8ebc537,inborn.pro,available,3.48,33.98,high,low,6,namecheap,,,12/08/2026 21:42
4f36b6a0-4e3a-4269-af96-5eccb6bcc001,petsit.pro,available,,,high,high,6,,,,
8ce4e179-a89b-42de-a22f-a3ceabd1d633,auditive.pro,available,3.48,33.98,high,low,8,namecheap,,,07/08/2026 16:49
ca753f1d-9837-4107-a624-856c107f91d9,glassine.pro,available,,,high,low,8,,,,
0ef19913-380a-44a7-b1c1-49da2d9a9c0e,unprofor.pro,available,,,high,medium,8,,,,
32d2614f-319f-43a5-a680-754c6cad1664,oslo.pro,resell,,,high,low,4,"Sav.com, LLC - 35",22/02/2026 15:16,22/02/2027 15:16,
49695eee-0144-411f-ad43-7d48fd10b4a3,stipends.pro,available,,,high,low,8,,,,
b3c65ccf-b457-4317-80c7-33cd44940ea7,wordmark.pro,available,,,high,high,9,,,,
4125a3cb-cb25-4ef7-93b4-5cce2807aca7,herculinian.pro,available,,,medium,low,11,,,,
693bdd12-47fa-40f7-8892-ae76a94a8f9f,collaring.pro,available,,,high,high,9,,,,
e32439b2-9095-427a-8b22-a0d8f2c37bd9,gleams.pro,available,,,high,low,6,,,,
630c523e-d039-40d8-b6f9-10f99514a343,quencher.pro,resell,,,high,high,8,"NameCheap, Inc.",01/07/2024 03:37,01/07/2026 03:37,
f234e2bf-6bf4-4859-b51d-1aecbd3af5cb,correctness.pro,available,,,high,high,11,,,,
e37ef588-eb62-46f3-bef8-e292c4be2380,pythonlike.pro,available,,,high,high,10,,,,
296c2de4-cdf7-4f0f-8ce9-ac0db2888b79,trestle.pro,available,,,high,high,7,,,,
c285e8ee-24f2-4a18-88a5-59cdb3b18873,tetrachromatic.pro,available,,,high,high,14,,,,
6ab5afb1-b2f5-4214-b456-ae218f67f73b,alabama.pro,resell,,,high,low,7,"EnCirca, Inc.",04/05/2012 08:53,04/05/2027 00:00,24/09/2026 06:32
3706d289-fa57-4588-a054-515a2435d612,fruitfulness.pro,available,,,high,high,12,,,,
8474d1bc-453a-4616-b5c9-a720ba1f2ad9,proliferates.pro,available,,,medium,low,12,,,,
d3de214b-350c-4a01-bc87-106377d3d5f3,footloose.pro,available,3.48,33.98,high,low,9,namecheap,,,18/08/2026 10:46
575f9ac7-a28b-42a3-92f6-2d4b77723c8e,gunmetal.pro,available,,,high,high,8,,,,
a51ac64c-c8f5-4a33-be93-ac38f46d05a3,wolves.pro,resell,,,high,high,6,One.com A/S,06/04/2024 17:00,06/04/2026 17:00,
3a446cb5-4989-4a3c-a07f-47f9a9e9218d,overabundant.pro,available,,,high,high,12,,,,
2cff3452-d22a-45c2-a5bc-5c5fe7924140,lager.pro,resell,,,high,low,5,"Sav.com, LLC - 43",23/10/2025 15:15,23/10/2026 15:15,
2a7f0813-183f-4ca5-a577-6de9490dfb7a,taxonomise.pro,available,,,high,high,10,,,,
da2cd27d-cfe2-454e-91ee-45ec4c559338,clam.pro,resell,,,high,low,4,Unstoppable Domains Inc,21/07/2024 17:00,21/07/2027 17:00,
c86d238d-9f09-47eb-b2e2-bc38a01cc2e4,pushpa.pro,available,,,high,high,6,,,,
98ab521c-4279-4dd2-837e-ec7a7f25977a,silledar.pro,available,,,high,high,8,,,,
791aa9e7-9498-4b87-b85c-fdb8ad8eb0ee,roll.pro,resell,,,high,low,4,"Sav.com, LLC - 15",03/02/2024 15:15,03/02/2027 15:15,
e57b0b4b-0a4e-478a-a2d0-37e95607c29f,whifflet.pro,available,,,high,high,8,,,,
b6d725a9-e65d-4a05-89cd-18a0db2d8e09,mondrian.pro,available,,,high,high,8,,,,
0af36ea2-10c9-4b50-a775-3cb8d19660ab,excluding.pro,available,,,high,medium,9,,,,
59c0e3c2-e61c-4ea8-b631-3e0fbb8126be,treadmill.pro,resell,,,high,high,9,Epik LLC,10/04/2023 17:02,10/04/2026 17:02,
ab93ffaf-839e-4fc1-b90b-1c5043469db7,blessedly.pro,available,1.98,33.98,high,low,9,namecheap,,,14/09/2026 00:19
5025001a-60b8-4f27-8872-6c3b3eaffb65,acarpous.pro,available,3.48,33.98,medium,low,8,namecheap,,,
1b102d84-beaf-4832-b810-625b840b9554,extrasensory.pro,available,,,high,high,12,,,,
14dff11e-bc7e-4dc0-83df-c70642904644,suspense.pro,available,4.99,,high,low,8,name.com,,,
dd747d29-80e8-412d-85a5-20af92696cd2,chargers.pro,resell,,,high,low,8,"Sav.com, LLC - 18",10/08/2025 15:15,10/08/2027 15:15,24/09/2026 07:39
5810351f-f165-4c24-9730-1e278ea81f78,equaint.pro,available,,,medium,low,8,,,,
1f871427-47d6-4a48-9e6a-b83049a79a41,catstick.pro,available,,,high,high,9,,,,
7d271ced-f8ce-46ba-9f17-69e3bac13988,miniaturize.pro,available,,,high,high,11,,,,
4c884940-c177-416d-b0e4-b5c2d8c76ec6,feetfirst.pro,available,,,high,high,10,,,,
d568928f-e2fd-4e1b-a3f8-42c716a71322,entrant.pro,available,3.48,33.98,high,low,7,namecheap,,,18/08/2026 07:36
69635b56-4542-417a-b704-5bc0ea6cbf90,appoint.pro,resell,,,high,low,7,"Sav.com, LLC - 29",26/04/2025 15:15,26/04/2027 15:15,
68c6baed-2dc0-4e3f-8367-85c150bd2c25,prospering.pro,available,3.48,33.98,high,low,10,namecheap,,,10/08/2026 19:17
11709876-b0ad-4c9d-bd3f-53751a60ecde,tending.pro,available,1.98,33.98,high,low,7,namecheap,,,11/09/2026 11:15
bb212c3a-8fcd-40b8-acb7-46e1e60d9527,zeitgeists.pro,available,,,medium,low,10,,,,
b6d6cb80-c170-4daf-9e3e-ab336c2e020d,labourer.pro,available,,,high,high,8,,,,
a572b7e0-1b61-4e94-b5d8-32b7c080e8f7,geekery.pro,available,,,high,low,7,,,,
a7b9f03c-eca9-4818-acff-f57005b5d9d8,innkeeper.pro,available,,,high,high,9,,,,
c2e3e534-b422-4988-9abd-84cad5c18a0d,msn.pro,available,,,high,high,3,,,,
0812cf92-c1cb-4d67-afb3-ab7dd828b488,rdh.pro,available,,,high,high,3,,,,
2d3b2be0-2ffa-4752-9c47-cc03e749745f,mph.pro,available,,,high,high,3,,,,
56673bdf-22ce-4108-b6b3-c01fe5867741,claudication.pro,available,,,high,low,12,,,,
023fc57e-9a53-4a7f-bb92-12c87d98ecfa,treading.pro,available,,,high,high,8,,,,
35b6b387-872c-4d4e-ad1f-7fcead0f3bbc,scummy.pro,available,3.48,33.98,medium,low,6,namecheap,,,
acaa72a5-7c5e-479a-899c-9c1a8e5788e2,execrable.pro,available,3.48,33.98,medium,low,9,namecheap,,,
fbc227d8-64c8-42ee-ab5d-5d5ec2ca2ef5,emsland.pro,available,,,high,high,7,,,,
1e54331d-e40a-45f8-a681-746afe693f91,joe.pro,available,,,high,high,3,,,,
cc46f24e-65ab-4892-8471-52c63ba52070,endeavours.pro,available,,,high,low,10,,,,
39452914-2902-4bfb-896d-a55336980ef8,rafters.pro,available,,,high,low,7,,,,
d550cd5e-07c8-42f4-a862-032d49526b5f,storeys.pro,available,,,high,low,7,,,,
4a81803f-c46c-4fb8-8d14-6673b31b751b,copyread.pro,available,,,high,high,8,,,,
0b2b9ba0-299b-4b9e-8095-b0454af9405a,finite.pro,resell,,,high,high,6,"Sav.com, LLC - 16",08/10/2024 17:00,08/10/2025 17:00,
001c08ca-a719-4248-87a0-052452135473,scowling.pro,available,3.48,33.98,high,low,8,namecheap,,,09/08/2026 08:33
98ca9c36-5125-4a23-9d91-5d93b8643fac,prairieland.pro,available,,,high,high,11,,,,
9f47e7e4-7f9d-41d4-a18a-fd6537503921,babish.pro,available,,,high,high,6,,,,
a9ca6ef5-cac2-4627-9a0d-196fdd83f119,rooflike.pro,available,,,high,high,8,,,,
7486650c-79cc-4489-a725-0dcf15a96b74,selfbelief.pro,available,,,high,high,11,,,,
0b4e5d6e-437d-4baa-9980-faddba1c4993,brownbaggers.pro,available,,,medium,low,12,,,,
bdbade6d-4811-4f94-bc00-55401f194f5d,trusts.pro,available,,,high,low,6,,,,
ae12226b-1d52-4020-9796-a50bd1a61bb8,irishly.pro,available,,,high,high,7,,,,
603c058c-6714-4bcc-9072-1c8944d5cbcb,ellisor.pro,available,,,high,high,7,,,,
38905af3-4843-4224-8835-577e1702416f,provaccine.pro,available,,,high,low,11,,,,
579d3ae0-bf47-4320-9f34-d58261a2c463,sql.pro,available,,,high,high,3,,,,
ab56eeff-e272-4d01-a547-01bbf6eae78c,metoprolol.pro,available,,,high,high,10,,,,
b4f3b750-19bb-4825-bd0b-91de36dab8c4,gamesmanship.pro,available,,,high,high,12,,,,
daf6dd62-4b22-410f-9d02-2c75701a4566,equestrianism.pro,available,,,high,low,13,,,,
28db44e4-b09f-463f-9966-f8b076bb0d85,indicts.pro,available,,,medium,low,7,,,,
49ab091d-46b2-42e0-bec2-a997f4f61ab5,doses.pro,available,,,high,medium,5,,,,
e7cd2479-8ed1-450a-8d3e-15abd67c3407,elland.pro,available,,,high,high,6,,,,
eee0879c-de65-44a0-8030-bca9d5fd8d96,waved.pro,available,,,high,high,5,,,,
226172a6-ebe6-4f30-be75-8b95402dc84a,conversion.pro,resell,,,high,high,10,Registrar of Domain Names REG.RU LLC,23/11/2009 17:03,23/11/2026 00:00,
fcdee98d-4531-440e-a66a-34473a551586,insectivore.pro,available,,,high,high,11,,,,
9201c583-2ce6-499b-8f29-8d86ab103d19,unrolling.pro,available,,,high,high,9,,,,
77036f05-9bc7-4a0c-bcad-060c9bd7708b,wisps.pro,available,,,high,low,5,,,,
ec748892-9a5e-4968-9277-32608805e0f3,creditworthiness.pro,available,,,high,high,16,,,,
e9bc50c8-528b-4ee3-831e-becb07338ecf,deglaze.pro,available,,,high,high,7,,,,
a0e1e3c2-72a4-4703-9021-965714872d85,orde.pro,available,,,high,high,4,,,,
7f2d1a95-7e21-4e69-b423-8bee1f1bd16f,romanechite.pro,available,,,high,high,11,,,,
0a66b338-eab8-410a-bdf9-97b71e9a516c,tarantino.pro,available,,,high,high,9,,,,
5922ca5c-a2e2-400c-98e5-f7fd88b3f671,bangkoker.pro,available,,,high,high,9,,,,
5950c87e-f3cb-4dbb-8462-bc4456277f5b,rail.pro,resell,,,high,low,4,Dynadot Inc,06/12/2020 14:30,06/12/2026 14:30,
0aba0b24-9b62-47e6-9cbd-800a63746025,moralize.pro,available,,,high,high,8,,,,
b6cadfcc-3da3-403d-9238-df5214a0e167,tristian.pro,available,,,high,high,8,,,,
b5ecfecb-89c3-4b4d-9dd8-6d9427272bae,incorruptibly.pro,available,,,high,high,13,,,,
c6f76bd2-b7ec-4488-b606-6e315ba925f2,birthings.pro,available,,,medium,low,9,,,,
d4a19b6a-43da-458c-8087-a8a8a52cae61,morally.pro,available,1.98,33.98,high,low,7,namecheap,,,15/09/2026 15:25
989a72b9-0870-4ac6-be0e-49e5b7fabc1e,puckster.pro,available,,,high,high,8,,,,
f925351c-b8c3-4fc3-8221-216447ca8c67,epistolary.pro,available,3.48,33.98,high,low,10,namecheap,,,17/08/2026 11:14
43eb9f53-5cd5-4266-8eb8-dc1fb4162dc7,rimy.pro,available,1.98,33.98,medium,low,4,namecheap,,,09/09/2026 17:41
299cb021-0d50-4678-8901-b0abb8977f49,coinsure.pro,available,,,high,high,8,,,,
d3de83c4-96c4-433e-a342-0bc17f99e16e,scrapers.pro,available,,,high,low,8,,,,
4a8a717f-0129-4478-8afe-cba78e503a10,closedmindedly.pro,available,,,high,high,15,,,,
f0312fdf-4466-4041-8f5f-87f0313535eb,acerbic.pro,available,3.48,33.98,medium,low,7,namecheap,,,
6505c4d6-8e78-4e05-998a-0ffe200e1f62,landowners.pro,available,,,high,low,10,,,,
5bfc2f4c-2900-4e6d-91ea-d73666e69d95,antiquarian.pro,available,,,high,high,11,,,,
ea9e5c4c-5f75-442e-b22a-032bf4d97899,day.pro,premium,3125,,high,low,3,name.com,,,
41396c72-5356-4953-a042-7d4b2de2ac01,relishes.pro,available,,,high,low,8,,,,
c5bb7b24-f0f5-4cc2-affa-dc7530d9e941,artisticness.pro,available,,,high,low,12,,,,
8a587f48-5c12-4b61-ad2e-d0f36c8c1cd0,bottomfeeders.pro,available,,,low,low,14,,,,
ab871cdb-05c8-4a85-8fe2-1b11a72c610e,golden.pro,resell,,,high,high,6,"Spaceship, Inc.",03/04/2015 02:52,03/04/2026 02:52,
542a7406-b241-4047-93dc-4f4c9255db3d,cosmos.pro,resell,,,high,low,6,Squarespace Domains II LLC,05/08/2018 10:07,05/08/2027 10:07,24/09/2026 08:05
f0faaf2b-5503-497d-b2a5-ccceb6e5a4d0,lullabye.pro,available,,,high,high,8,,,,
7969d140-3a7b-46d8-97f6-d7b6c03871d4,indubitably.pro,available,,,high,high,11,,,,
8955d251-9f01-4d46-b82e-c24ae768998d,labium.pro,available,,,high,high,6,,,,
a72f9888-30d1-4d68-bc30-a451c077873a,martyr.pro,available,,,high,high,6,,,,
54a38205-42d7-4ae0-8e18-1c813465dc18,prevue.pro,available,,,high,high,6,,,,
55390461-4f46-44ee-9999-f19e87336079,dressmaking.pro,available,,,high,low,11,,,,
60a42634-a14a-47db-8574-0eaafbdf4e21,selfraising.pro,available,,,high,low,12,,,,
62714bf2-4d37-4605-84b4-818ede075b26,midblock.pro,available,,,high,low,8,,,,
0401704a-8339-4633-a469-64fec54a3c26,overwhelming.pro,available,,,high,high,12,,,,
f023ebdb-c314-45a2-873b-5ae760bba423,syllepsis.pro,available,,,high,high,9,,,,
b63aef5c-2f9f-425c-821d-df3800d0212d,dji.pro,premium,500,,high,low,3,name.com,,,
38d6c81f-5db8-4e40-870b-86beccb97af5,placidness.pro,available,,,high,high,10,,,,
fbb94b36-7633-4f3c-b58c-5c96d6a4399d,trivet.pro,available,,,high,high,6,,,,
62dbcef4-8052-4449-9eda-de24c6de9b81,nonthreatening.pro,available,,,high,high,14,,,,
1c117526-daae-4478-9c8e-7b6afa9084cf,shading.pro,available,,,high,high,7,,,,
f3a3e2f3-6ccd-4ab9-bd6b-b69935d6ca56,scandinavians.pro,available,,,medium,low,13,,,,
539b9038-1eca-4717-97da-98c90d99a777,infrequently.pro,available,,,high,high,12,,,,
a24ea747-0db3-47cb-bd96-840f4fac56e1,paralanguage.pro,available,,,high,high,12,,,,
425cd56f-ec1d-41dd-bb74-773176606d52,unspoken.pro,available,1.98,33.98,high,low,8,namecheap,,,03/09/2026 11:51
9a5cb332-0ea5-4bc1-989c-a0f5b046f571,aubriella.pro,available,,,high,high,9,,,,
1946b669-54dd-4524-9bdd-acd60185dc12,smallie.pro,available,,,high,high,7,,,,
af779098-d8fe-4910-98ac-981ff8046c12,accouples.pro,available,,,low,low,9,,,,
912a02a0-79e9-4389-89f9-dcc6936d5616,bolivian.pro,available,3.48,33.98,high,low,8,namecheap,,,10/08/2026 17:46
a404a404-ae67-464b-84d9-ab40746cca52,jism.pro,available,,,high,low,4,,,,
fcc53a77-6c0a-4703-9c2a-82863c1701d0,vexation.pro,available,,,medium,low,8,,,,
6aa40c6d-c4ac-41b4-af92-b1691909e60a,qualm.pro,available,,,high,high,5,,,,
09ac5386-c90f-4053-b07a-3091552edf1a,nonreligious.pro,available,,,high,low,12,,,,
dfe8d4f7-29ef-4a61-b6c9-d12872b163e7,hyping.pro,available,,,high,low,6,,,,
e8b85a40-8eac-4658-bb82-45655b7103ca,copatron.pro,available,,,high,high,8,,,,
bbd22b9c-2ab6-4c87-84cb-f613c11eb732,shredder.pro,resell,,,high,high,8,"GoDaddy.com, LLC",02/11/2008 00:00,02/11/2025 00:00,
f1723426-77ef-43b9-af1e-5ff219ae7c04,leaderboards.pro,available,,,high,medium,12,,,,
fc8db2f2-b084-4d95-b6c5-6edaebb43dfd,reformulate.pro,available,,,high,high,11,,,,
c4aa0120-32ed-47bd-bed2-ae3e4a4f0101,birthdayless.pro,available,,,high,high,12,,,,
7dbea0d0-8faf-459a-8b9f-9b12d15f2800,grannus.pro,available,,,high,high,7,,,,
759b2d16-4e09-4939-9dcc-1a42b548bee9,monitory.pro,available,,,high,low,8,,,,
ffbeb576-527a-42b3-a61a-19208b8a4e9f,chiclet.pro,available,,,high,high,7,,,,
577266f3-418f-4123-acff-38ed8f21290b,extroverts.pro,available,,,high,low,10,,,,
1d66e69b-206d-4afa-acd6-50f316f01f0b,interpolate.pro,available,,,high,high,11,,,,
0ee7cdb8-4e3b-4796-b44c-464242a64dbc,sharpest.pro,available,,,high,medium,8,,,,
c86f5fc9-3c06-42f0-bb32-24900250c349,housedoor.pro,available,,,high,high,10,,,,
51c144f8-0b73-4f83-ace9-e5713385c0bf,shell.pro,resell,,,high,medium,5,Registrar of Domain Names REG.RU LLC,14/02/2018 10:05,14/02/2027 10:05,09/08/2026 05:25
8c52ca3d-d497-43bb-b7cb-e2fdfa04d54a,eatables.pro,available,,,high,low,8,,,,
b7f9d485-fbeb-4563-99e2-29872d4cdf84,embroiderers.pro,available,,,high,low,12,,,,
187ee47f-ac5e-4e97-bd44-37e13ca4929a,ignites.pro,available,,,high,low,7,,,,
c28232a3-b8d5-4ee4-909f-af26764447eb,colourway.pro,available,,,high,high,9,,,,
8ecaaf75-e612-4375-973f-a115372235a5,artwork.pro,resell,,,high,low,7,Netregistry Wholesale Pty Ltd,26/03/2025 15:15,26/03/2027 15:15,
c8a42d30-f753-43a1-bd80-d189fc86694c,shipmaster.pro,available,,,high,high,10,,,,
1bb07b2b-ac53-4a22-8a16-3dfa6ec034db,paroles.pro,available,,,high,low,7,,,,
21156ec6-c06c-4519-a843-bebc7345c65b,predicting.pro,resell,,,high,high,10,"Sav.com, LLC",13/01/2025 17:01,13/01/2026 17:01,
0996b0fd-2c4d-4a99-8c6e-c6d2d07c2160,springfield.pro,resell,,,high,high,11,"Regional Network Information Center, JSC dba RU-CENTER",08/10/2024 13:52,08/10/2025 13:52,
979656ad-aee2-43c6-af13-d8e910bb2fb0,undiluted.pro,available,1.98,33.98,high,low,9,namecheap,,,12/09/2026 08:03
687b776d-95b0-4333-9f40-a00080c2334a,alphamosaic.pro,available,,,high,high,11,,,,
64c71cf0-f642-426c-b49b-23408b9fd21e,linguini.pro,available,,,high,high,8,,,,
4bdbd8bd-ba21-4e54-8752-b8e2a97ac620,channelization.pro,available,,,high,high,14,,,,
3f360f16-a3fb-41a8-89bc-8867a2e108d0,monounsaturate.pro,available,,,high,high,14,,,,
73a2e545-0d5c-40d8-aebc-b447f5953991,fanart.pro,available,,,high,high,6,,,,
8c5aca1c-f12e-4533-8383-14a483b79a95,petha.pro,available,,,high,high,5,,,,
bb22f8bb-e223-4bb0-b0b6-5373ede97d9c,wobbles.pro,available,,,medium,low,7,,,,
c31fd339-76fa-4298-ade7-4b722a47a586,cheekbone.pro,available,1.98,33.98,high,low,9,namecheap,,,13/09/2026 15:41
f5ce21a3-2bbb-4991-9636-18a6850b24ce,tropics.pro,available,,,high,high,7,,,,
a8f05dc2-668d-411a-8473-619d4317b075,womanhead.pro,available,,,high,high,9,,,,
c1de1369-f13c-4423-a11e-34fec4e4fb0e,bounteous.pro,available,3.48,33.98,high,low,9,namecheap,,,09/08/2026 20:50
0796c5d2-ffa9-4dfe-b820-518cdf16a0fb,portrayer.pro,available,,,high,high,9,,,,
1c01e6ab-74e3-4c60-bc64-9e3aadf999f6,congolese.pro,available,3.48,33.98,high,low,9,namecheap,,,12/08/2026 21:54
4a26987e-8451-4870-b66f-76cf8e3bfed9,coordinated.pro,available,,,high,high,11,,,,
babd0c38-00a1-47f4-b3e5-5ccd4481494c,objectively.pro,available,3.58,29.49,high,low,11,namesilo,,,
33353176-3a54-4613-ac7d-086519cdfa38,gravothermal.pro,available,,,medium,low,12,,,,
65306b6b-71cf-4cd3-b6ff-cb33f9c2e8b1,intron.pro,available,,,high,high,6,,,,
f2b030e1-7ee9-4284-adb1-326bf637dc83,androgenous.pro,available,,,high,high,11,,,,
0c28099a-ccf6-420a-82ef-11a49bfc3778,xtianity.pro,available,,,high,low,8,,,,
3f1a91b8-8fd3-4e66-8e95-b63018f519ec,jlaw.pro,available,,,high,high,5,,,,
0213d8e9-9f4a-4e1a-b062-8cbb93344305,zodiac.pro,resell,,,high,high,6,Epik LLC,02/12/2014 01:52,02/12/2025 01:52,
bfe03aa4-2920-42a7-9c27-ccbd6d1ba4fa,humbled.pro,available,3.48,33.98,high,low,7,namecheap,,,21/08/2026 15:00
eaef5a77-a00c-4cf9-99a6-7004a940ad0f,cinematographic.pro,available,,,high,high,15,,,,
94641b1a-7fbe-470f-be64-34af56f50e57,voluptuosity.pro,available,,,high,low,12,,,,
3fe3c77e-9079-44c6-a39f-35e01065aef9,quickest.pro,available,,,high,high,8,,,,
bf000485-7121-412d-b46c-3e79b0b18bae,manageableness.pro,available,,,high,low,14,,,,
8cc4bdd0-238d-4d95-937f-aa0f77684663,algebraically.pro,available,,,high,high,13,,,,
c5e064de-b9c2-4f5a-a97a-3e76f3b90694,solaces.pro,available,,,medium,low,7,,,,
9232d845-cabc-4763-a041-50d80234fa7a,atascii.pro,available,,,high,high,7,,,,
cf06d51b-b846-4727-afac-8c312a21f9c1,captive.pro,resell,,,high,low,7,"Sav.com, LLC - 7",22/02/2026 15:15,22/02/2027 15:15,
669dce8f-49ac-4185-80ca-93501fac1b80,adaptiveness.pro,available,,,high,high,12,,,,
afb98c5f-1196-4eec-8518-c27e089413ad,initial.pro,resell,,,high,low,7,Epik LLC,29/08/2018 11:01,29/08/2027 11:01,22/09/2026 20:48
b63e4ce8-30c9-48c5-abdb-8caf61206a1f,hydrologist.pro,available,,,high,high,11,,,,
1b1a983f-6cfe-4605-a1c6-87b0bcdc7d17,reemerging.pro,available,,,medium,low,10,,,,
45a7d7ea-e6d6-43ff-a483-7fa22014768f,expostulate.pro,available,,,high,high,11,,,,
2724c6ea-b862-4a46-8b32-abd5415b9d68,revolved.pro,available,4.99,,high,low,8,name.com,,,
1dd0c89f-29c8-406e-a10a-910c65795465,marriage.pro,resell,,,high,low,8,"Name.com, Inc.",05/04/2007 00:00,05/04/2027 00:00,
66e4617e-e1a2-4626-accd-32387c81bf0a,dodecanese.pro,available,,,high,high,10,,,,
c55e5db4-c6ac-4f32-b2e8-e9081baafc5c,knockwurst.pro,available,,,high,high,10,,,,
c380e528-361a-4bda-9150-29995a8e5eaa,erection.pro,resell,,,high,high,8,"Spaceship, Inc.",28/08/2017 10:09,28/08/2025 10:09,
d68b77ea-a42d-434c-8b52-be7c8fcbbb56,alternates.pro,available,,,high,low,10,,,,
3f5eef58-9d15-45ea-91f4-5f56e5894b50,bodyfat.pro,resell,,,high,high,8,"NameCheap, Inc.",18/06/2024 21:02,18/06/2026 21:02,
7cbc3f7b-9350-4e98-b14a-eadf71ebfecd,electrode.pro,available,,,high,high,9,,,,
d3807e74-f6a0-4162-b2b3-ab381fe1babb,would.pro,resell,,,high,low,5,"Spaceship, Inc.",11/11/2025 06:35,11/11/2026 06:35,
3ff6f8a9-e2db-4cc3-8fc1-e28326e255f6,occasional.pro,available,,,high,high,10,,,,
aa7927eb-224d-4836-ba10-8ccfdac90dfe,rebounds.pro,available,,,high,low,8,,,,
a092e902-8a6c-4c7f-b01b-92aba6342139,sealers.pro,available,,,high,low,7,,,,
31e4cf20-8a88-4cd9-85ca-c0d12a1ad864,chickenhood.pro,available,,,high,high,11,,,,
4ab5497f-7c30-43e9-943f-9bfe59afb1a0,returned.pro,available,3.58,29.49,high,low,8,namesilo,,,
f7d31ce6-15bf-4bf7-8df0-941fe82f2b33,but.pro,premium,242,242,high,low,3,namesilo,,,
5bfd4ece-f345-45e0-b303-c699329c316c,recipients.pro,available,,,high,low,10,,,,
f1b5ad87-d5a0-49a7-9da6-206c3281c732,antiviral.pro,available,3.48,33.98,high,low,9,namecheap,,,05/08/2026 20:06
3e73511c-0f23-4fa9-bb9a-8b6fda702231,prototypic.pro,available,3.48,33.98,high,low,10,namecheap,,,06/08/2026 15:42
20be5272-9dc2-49c7-b302-14ef7bd8abab,carbonate.pro,available,,,high,high,9,,,,
a0dbc2f5-7636-42b6-987a-5331a5a8c20a,tuneful.pro,available,3.48,33.98,high,low,7,namecheap,,,24/08/2026 19:43
817fb533-fbf1-4f70-995f-6e2cc81001da,gibberish.pro,available,,,high,high,9,,,,
3bdbc38f-b8d9-4820-a568-9c245e952de5,telescopii.pro,available,,,medium,low,10,,,,
3b71aa6f-63ae-42a0-906b-64a136dbaceb,docile.pro,available,3.48,33.98,high,low,6,namecheap,,,14/08/2026 14:17
071ec27c-aa4a-4b3c-9dd2-38c6d6863de1,pedagogics.pro,available,,,high,high,10,,,,
5b57c671-722a-4f5e-9e53-4bcb34476983,jcb.pro,available,,,high,high,3,,,,
6379e7af-26e3-431a-97d3-7465a2607af7,stairstep.pro,available,,,high,high,9,,,,
1e9a2aaf-d225-486d-a91b-094a342c3c85,hotbar.pro,available,,,high,high,6,,,,
8bed83a0-f26e-4a19-af34-2410ad47fb5e,boogaloo.pro,available,,,high,high,8,,,,
82693a78-6c17-440c-ba42-aa85f7917af9,semihighway.pro,available,,,high,high,12,,,,
e40d34de-4f63-4623-99b9-973112cc9968,finalizations.pro,available,,,low,low,13,,,,
73b753f4-2dd2-4557-bbae-a239070400ab,gravoturbulent.pro,available,,,medium,low,14,,,,
fa26934a-a2f1-472f-91f1-87f53a7521ab,saithe.pro,available,,,high,high,6,,,,
93c46847-a7dc-440d-9aa8-5c9f59875542,butters.pro,available,,,high,medium,7,,,,
c7a9332c-5b38-408b-94fd-87e7b333bf2b,bodacious.pro,available,3.48,33.98,high,low,9,namecheap,,,10/08/2026 16:42
880d6afb-a634-4217-8c07-fefc128850b1,utensils.pro,available,,,high,high,8,,,,
f0e05d89-6d03-4a2b-b917-24cb2935b2d1,blackfellow.pro,available,,,high,high,12,,,,
d937531f-39b7-41cf-b10e-2fb01096409d,portabella.pro,available,,,high,high,10,,,,
3ce8389e-7261-4500-a5b8-a4649cb81b90,whey.pro,resell,,,high,high,4,"Spaceship, Inc.",19/12/2024 11:08,19/12/2025 11:08,
5bb93405-b2bf-45bb-9c25-ecf43af059f3,javabean.pro,available,,,high,high,8,,,,
7e6b8b3c-0fb1-41dc-b662-3035e11c4b14,vib.pro,available,,,high,high,3,,,,
4a12ada3-66f4-468b-9055-8be2796568ad,wolf.pro,resell,,,high,high,4,"GKG.NET, INC.",01/02/2021 14:31,01/02/2026 14:31,
4de4b539-2745-4c69-81b2-7155bbcd96b3,fam.pro,available,,,high,high,3,,,,
f89d9528-3c27-414a-a622-dbbaabf9e5fb,bantamweight.pro,available,,,high,high,12,,,,
a06cd984-4c3f-4e79-b7a6-1f753ae0b3e8,askability.pro,available,,,high,high,10,,,,
234067e8-2ade-430d-bcbc-50f8e9cdb842,icmr.pro,available,,,high,high,4,,,,
5ba4c405-9ca5-4e2c-b482-ad6e61600bf0,flushable.pro,available,,,high,high,9,,,,
91cec6a1-85ef-432e-b0e5-606a7eca4bec,leant.pro,available,,,high,high,5,,,,
34cd2fb8-f66d-4b52-b9b6-67b8f90771db,asb.pro,available,,,high,high,3,,,,
e6b36005-cca9-46f4-9258-85e83ec464f6,plexiglass.pro,available,,,high,high,10,,,,
4592323c-4a43-4e24-9f1f-379c0d4b2eba,toeclip.pro,available,,,medium,low,8,,,,
f3bf11ed-bdb9-43b9-8476-8c7b78a6e3c8,upsala.pro,available,,,high,high,6,,,,
43d3656c-04a3-4fce-8c3e-313b8f8deccf,unroll.pro,available,,,high,high,6,,,,
e428bb97-adc8-4052-8c9a-6985343d0ecd,baboons.pro,available,,,high,low,7,,,,
2f5a4e33-9ce2-4cf4-82d7-1d9c71f3263f,escorted.pro,available,,,high,low,8,,,,
6c5cc8cf-1308-44e6-83de-4a7938d9c08e,threeawn.pro,available,,,high,high,8,,,,
1c2c4b67-38ef-4317-aa4e-4535ca5d8392,homework.pro,resell,,,high,high,8,"Sav.com, LLC - 19",19/06/2024 15:15,19/06/2026 15:15,
f6c19874-5970-4982-ac36-dc4673062f5d,inspecting.pro,available,,,high,medium,10,,,,
e7ca75bb-6905-4f48-b9a1-bc2dd0e608e7,cachinnate.pro,available,,,high,high,10,,,,
b9d4dcdb-3649-47a9-8177-e274fc1577fb,quayside.pro,available,,,high,high,8,,,,
d91fa23d-2998-4479-8833-f558bd5a08b0,underlie.pro,available,,,high,high,8,,,,
9907b7a6-9bcd-4062-b68a-3b9ead6e1a85,exporter.pro,resell,,,high,high,8,One.com A/S,28/09/2020 14:30,28/09/2026 14:30,
0865e16b-a8dc-41a1-91ba-4fe75455cf9b,deputise.pro,available,,,high,high,8,,,,
14b7d581-63d1-483f-87a6-a4097308e6f3,halleluiah.pro,available,,,high,high,10,,,,
cda4fd80-c870-479f-adb9-fd9b838c0586,boroughhood.pro,available,,,high,low,11,,,,
75a5a683-3bf2-4755-85ef-f0e9db533f7d,pbuh.pro,available,,,high,high,4,,,,
2611d264-a252-459c-afdc-9484ba5c822c,scenesetting.pro,available,,,high,low,12,,,,
7dcf9a46-03b4-4215-9542-94988cd8e89d,galette.pro,available,,,high,high,7,,,,
600a968e-4392-408a-8a52-851c89ba9b6e,frenchifying.pro,available,,,high,low,12,,,,
9c8f267e-d231-4161-ad81-50dd18a8960d,igpu.pro,available,,,high,high,4,,,,
8e40e2f9-027f-4533-a71a-419bde984ca0,remembers.pro,available,,,high,low,9,,,,
a0271bd1-79ae-40a4-82f8-f875bc96cc39,folate.pro,available,,,high,high,6,,,,
e89b5540-65a7-4908-99e1-ff2813525e99,laptop.pro,resell,,,high,low,6,Automattic Inc.,23/07/2022 13:15,23/07/2031 13:15,
33377c63-603f-49ab-9477-8b4cf38fa91a,motorsailers.pro,available,,,medium,low,12,,,,
aba9c7e4-beb4-42e7-80cc-29bd42d83a07,cornflakes.pro,available,,,high,low,11,,,,
80daa92b-e619-4670-a9cf-72cd6650a545,winddown.pro,available,,,high,low,8,,,,
340c58dd-27b1-46f4-9fa2-0c7b0b0d8e0e,fewest.pro,available,,,high,high,6,,,,
c7083a53-a172-42cc-8436-9fb58ced2a2f,marylouise.pro,available,,,high,high,10,,,,
6478d3a4-47e1-482e-89ad-1b7f46c44dea,comforting.pro,available,3.48,33.98,high,low,10,namecheap,,,12/08/2026 03:43
c5425c04-3663-4fdb-aa09-9ef3f7b33f7c,dropshipper.pro,resell,,,high,high,11,Epik LLC,22/03/2023 17:00,22/03/2026 17:00,
b458481e-a3a0-4a26-b5e2-b0b239568ee6,neurobiology.pro,available,,,high,high,12,,,,
6a98677a-6d28-421a-bc67-81e550609a1c,geyseric.pro,available,,,medium,low,8,,,,
8ce8f0dc-e19c-445a-affc-95ba4d3b67dd,corvette.pro,available,,,high,high,8,,,,
2dd633f2-3016-49c6-9515-3a9402d57ee0,whitecedars.pro,available,,,medium,low,11,,,,
0e592428-122d-4b71-a1df-92e4b9600174,headliner.pro,resell,,,high,high,9,Epik LLC,07/01/2023 17:00,07/01/2026 17:00,
5549a15f-97db-4e76-8c99-82c1c033cc09,flashier.pro,available,,,medium,low,8,,,,
2d25fbbd-c251-41c1-a8e0-283da9d868e6,pass.pro,resell,,,high,medium,4,Dynadot3 LLC,21/03/2020 10:21,21/03/2027 10:21,
23fbdd5e-b51d-43eb-800e-48b51d967e61,mixtures.pro,available,,,high,low,8,,,,
1cb1eb49-3e92-43a3-b9d1-92b6292cb620,reelectable.pro,available,,,high,high,12,,,,
a2bc1ee9-dab8-4ecc-a7e1-0e09df05a4ad,vanquish.pro,resell,,,high,low,8,"Sav.com, LLC - 14",14/07/2026 15:16,14/07/2027 15:16,09/08/2026 05:32
10b88000-11d9-47ef-a3e9-0c76331357a5,huh.pro,available,,,high,high,3,,,,
7e4c2d08-a55b-4e2d-acae-35a9f1506b0d,distinguo.pro,available,,,high,high,9,,,,
2bfc814d-25a6-48ab-9e47-ac0f98638682,tush.pro,available,3.48,33.98,medium,low,4,namecheap,,,09/08/2026 11:45
0fd0fac8-2fc1-4259-ba5d-4de8c51957d9,wbn.pro,available,,,high,high,3,,,,
331d39f8-7770-4293-881c-3a322c179e3f,puffery.pro,available,,,high,high,7,,,,
7a557f84-73ad-4122-aec9-adde1c8c390f,gowerton.pro,available,,,high,high,8,,,,
0c305395-7850-477a-8be4-8e15daa7c10b,laying.pro,available,,,high,high,6,,,,
08f6907e-31e8-4768-b1a3-422e2c8e5553,gig.pro,available,,,high,high,3,,,,
04e718f5-8111-47b9-90ef-37f4d9c304b3,cassation.pro,available,,,high,high,9,,,,
32d385b2-43bf-4e5c-af74-de06be54418a,landowner.pro,available,,,high,high,9,,,,
5758cb46-66c5-4917-8d64-fc0ee2f0f827,abjudications.pro,available,,,low,low,13,,,,
f0818843-c2df-4ab4-8661-aebb22cfcedf,loopy.pro,resell,,,high,low,5,"Sav.com, LLC - 6",28/06/2026 15:15,28/06/2027 15:15,06/08/2026 21:22
239f68be-19a8-45f3-8760-cd211a1a97f0,gallivant.pro,available,,,high,high,9,,,,
46878aa0-2704-457e-987f-b1e2c74cedf9,jamaican.pro,available,3.48,33.98,high,low,8,namecheap,,,22/08/2026 12:11
e9b06324-7560-4993-8176-224e670800ce,rightward.pro,available,,,high,high,9,,,,
71efb89e-2520-4a80-8c03-819b8d31d3a3,conformant.pro,available,,,high,high,10,,,,
82db01a0-88d9-4966-ad5d-83445671f8d9,aloo.pro,available,,,high,medium,4,,,,
36c8ecd0-b129-4f4f-be2a-95089e39b18b,pigmy.pro,available,,,high,high,5,,,,
bf44b723-7125-49cf-9ab6-2987c479b408,continuos.pro,available,,,medium,low,9,,,,
b3dd264e-d50c-4925-a2bf-5ed64ca0b364,propagation.pro,available,,,high,high,11,,,,
0e6b3de6-31f4-4e83-93ba-d5e5ed47d5c9,lambent.pro,available,3.48,33.98,high,low,7,namecheap,,,
2571931f-3328-49cb-a7c9-09999f8a85ad,deduced.pro,available,,,high,low,7,,,,
e86a3047-f41d-4679-996d-17c047039afc,panpipe.pro,available,,,high,high,7,,,,
c959c023-afb2-44e6-87c1-c4085953880e,sherds.pro,available,,,medium,low,6,,,,
c9258a2c-b008-45ce-81cd-19f32267fad4,influenced.pro,available,,,high,low,10,,,,
8ca0a0da-f3a3-419f-a7d5-eb1f665936f3,divines.pro,available,,,high,medium,7,,,,
50e63dfb-b095-4dfa-be00-9ba91c3e44c5,heeled.pro,available,,,high,high,6,,,,
5c8f50ce-41d0-48d5-8789-dc9a8af3df10,credentials.pro,resell,,,high,high,11,Epik LLC,18/12/2022 17:00,18/12/2025 17:00,
f769ddb0-3ceb-4a59-9f1c-df026143152f,timbit.pro,available,,,high,high,6,,,,
6136fe5d-cbfb-4f8d-b43c-311a8762bb5c,freestanding.pro,available,,,high,medium,13,,,,
2e83b0f6-ab70-4ed0-860d-fbf77257d04a,garniture.pro,available,,,high,high,9,,,,
3bc35d72-2803-4acf-859b-5b1e50366eb1,phyllis.pro,available,,,high,high,7,,,,
38b792a5-29e6-4234-9765-534b8953a16f,ecoprotection.pro,available,,,high,low,13,,,,
0ece9a5a-4355-4a2d-a7df-98c048baea31,entrainment.pro,available,,,high,high,11,,,,
ce3c0c68-15b3-4ece-8a78-b1440567b7e9,alphaprodine.pro,available,,,high,high,12,,,,
69b60bcb-c3e8-4f0f-9563-1a5166ff0d65,doyenne.pro,available,,,high,high,7,,,,
fe501af5-673f-4446-995e-e943c949dcb0,fiance.pro,resell,,,high,high,6,Epik LLC,08/03/2023 17:00,08/03/2026 17:00,
b0333a77-cc0f-4b4a-b048-2a2ff9b475e3,hybrid.pro,resell,,,high,low,6,Dynadot14 LLC,27/04/2020 10:11,27/04/2027 10:11,
cd587f20-5b83-444b-9913-b25ee3cc561a,vulvas.pro,available,,,medium,low,6,,,,
f608ce1b-1608-408d-9bdc-5ebafd39dbc2,whinham.pro,available,,,high,high,7,,,,
b76ddedc-9214-4f2e-9b59-756e6447fed4,liberalism.pro,available,,,high,high,10,,,,
b20aa4da-ff0c-41f0-a243-b8d6823ca69b,pizazzy.pro,available,,,high,low,7,,,,
affe7a2a-0201-4f4d-a6e5-4986e57a9de0,megaamps.pro,available,,,medium,low,8,,,,
e7678ed4-dfe9-484f-9677-947836957b28,multifaceted.pro,available,,,high,high,12,,,,
331918da-5500-4b63-9120-5a3c85949d16,pinkie.pro,available,,,high,high,6,,,,
232fc3c5-4afb-4e52-84b4-13eb1fde14d4,jaylin.pro,available,,,high,high,6,,,,
befde3b3-57a2-411f-af11-1d7e585d9c50,occupant.pro,available,1.98,33.98,high,low,8,namecheap,,,09/09/2026 14:52
13e23b99-8581-4c98-a974-56fd98f64932,compstall.pro,available,,,high,high,9,,,,
44d53792-5159-4341-8735-f8c7ca0d61c1,highboys.pro,available,,,medium,low,8,,,,
314c985c-6875-458c-99e3-f108503ecfed,waif.pro,available,,,high,high,4,,,,
2ffea5ba-b9af-463f-9b00-b0404bfe397f,resignation.pro,available,4.99,,high,low,11,name.com,,,
06574ea1-1ca2-4714-a0f1-f1884c016c6c,emotionally.pro,available,,,high,high,11,,,,
5a0990f6-567b-4d4f-803b-03dc1acc6a92,chants.pro,available,,,high,low,6,,,,
ab0c796a-0dd9-40c0-9f45-52377fb343e0,jaylee.pro,available,,,high,high,6,,,,
271811e2-fb4e-4411-8c30-ef19b4759267,glorias.pro,available,,,high,low,7,,,,
ad1308a5-ad13-42dc-bc05-8e0205270e66,welcoming.pro,available,1.98,33.98,high,low,9,namecheap,,,13/09/2026 10:14
cd42b084-c18d-4a1f-ba3c-cdf4778199fc,potage.pro,available,,,high,high,6,,,,
1a316195-46ed-464f-a69b-163ba48d2652,ferrybridge.pro,available,,,medium,low,12,,,,
35bd3f11-77ad-4906-a498-8a4a5fb65b57,pudong.pro,available,,,high,medium,6,,,,
15145e4d-2b98-4be4-a3b1-81c6de099c14,avaricious.pro,available,3.48,33.98,medium,low,10,namecheap,,,07/08/2026 21:48
c44065f8-e30c-4f33-8036-e0692f85bc31,bisulfite.pro,available,,,high,high,9,,,,
b57143c8-01b3-4e76-badb-30faa2989dd8,wickremesinghe.pro,available,,,high,high,14,,,,
1e48d229-1e8c-4584-9e74-04665ec03c91,apprise.pro,available,,,high,high,7,,,,
ba72b5f3-8ae9-4a05-99f2-2dc6e15670df,twill.pro,available,,,high,high,5,,,,
6e26b2a7-4b4b-43fb-9691-f403422383c8,almost.pro,resell,,,high,low,6,"Sav.com, LLC - 22",09/12/2025 15:15,09/12/2026 15:15,
1456ac3a-0282-4b8b-a9b0-82403ef4c4c0,weissbier.pro,available,,,high,high,9,,,,
9f0e5257-4a0d-49e5-8a65-5b64fef60803,implicitly.pro,available,1.98,33.98,high,low,10,namecheap,,,15/09/2026 02:29
a6ec4fc4-5349-4354-9831-ac1d28b7dd55,tsar.pro,resell,,,high,high,4,"Sav.com, LLC - 27",28/08/2024 17:00,28/08/2025 17:00,
f376eaa7-e12a-4e73-b73b-b87f7c0d6ff6,tameness.pro,available,,,high,high,8,,,,
563bcfd1-bdc1-485f-af93-493add7d7689,cosigner.pro,available,3.48,33.98,high,low,8,namecheap,,,13/08/2026 02:49
822d6e63-21ae-423b-b320-ea474edf40d9,tabloid.pro,resell,,,high,high,7,Epik LLC,29/08/2022 17:00,29/08/2025 17:00,
af67befa-0af8-4a01-b1dd-fddb626d8e6a,population.pro,resell,,,high,high,10,Epik LLC,25/05/2023 17:00,25/05/2026 17:00,
7dbfa684-e04e-442d-8006-0e1dc9320a01,bedewed.pro,available,3.48,33.98,medium,low,7,namecheap,,,09/08/2026 06:46
6b463523-0e63-49d4-b4e4-d58122f5e48f,megadiverse.pro,available,,,high,low,11,,,,
984f1574-be11-4fe1-bdc9-fb435eeec68e,vaseline.pro,available,,,high,high,8,,,,
81027c27-b575-463c-a39d-dfc49f048c2c,nrsv.pro,available,,,high,high,4,,,,
5cbc60af-f414-4eba-b879-7932a3bd418e,hourglassing.pro,available,,,high,high,12,,,,
a0ba9e5f-0165-46ea-81e8-80738df8e6b8,wichnor.pro,available,,,high,high,7,,,,
34055d36-e2d8-4525-906d-eb79e282eb55,sdram.pro,available,,,high,low,5,,,,
53af38fa-9171-4ded-82eb-a3d7d2fdb79f,galsworthy.pro,available,,,high,high,10,,,,
496a1f65-1bb8-478a-b2d1-c9e9bcbd6087,surged.pro,available,,,high,low,6,,,,
7f3d500a-6ab1-4c54-87a6-0feca623461d,hydroxide.pro,available,,,high,high,9,,,,
f6feee54-f5dd-499b-be63-71b7bacda0b0,memorialize.pro,available,,,high,high,11,,,,
ba3b1438-7044-43bb-8b13-14c34769edca,maintainable.pro,available,,,high,high,12,,,,
591cfeed-60d4-415f-bc66-7a2ebd603297,speeder.pro,available,,,high,high,7,,,,
10c8ba8c-b999-430d-8fc4-b65aaafebc6a,campus.pro,resell,,,high,low,6,"GKG.NET, INC.",15/11/2007 00:00,15/11/2026 00:00,
86a36fb7-60a0-4534-a6f1-d8c562750b96,candidness.pro,available,,,high,high,10,,,,
bc03d39e-5376-4c4b-8209-80ee681e39b4,serially.pro,available,1.98,33.98,high,low,8,namecheap,,,16/09/2026 01:08
0ad68d6e-3fd2-4dea-99c1-986bdba15136,nickell.pro,available,,,high,high,7,,,,
317fd4b0-aec0-4a1f-85f4-219726f872d5,approvably.pro,available,,,high,high,10,,,,
ce0ec379-b045-4f95-929d-d3149bbc98be,runouts.pro,available,,,medium,low,7,,,,
6561339b-3d18-469a-a693-65665963117a,auburndale.pro,available,,,high,high,10,,,,
701b2b65-4214-4036-b87d-d3c7c100037b,lopez.pro,resell,,,high,high,5,"Sav.com, LLC - 12",18/12/2023 17:00,18/12/2025 17:00,
86c5c621-ce63-49c4-9f2a-38a19e72fd85,wilmot.pro,available,,,high,low,6,,,,
cbdf37ef-efb3-4c51-998e-84686119b5bc,indivisible.pro,available,,,high,high,11,,,,
f89c3ccd-8afb-4d8e-9c49-dcddaad2cafb,multibillions.pro,available,,,high,high,13,,,,
f0c07f1c-c326-49c7-828a-7c86ab7e1d5f,proceeds.pro,available,,,high,high,8,,,,
7fb359e0-d31c-42c6-b602-08d3d49e1734,coquet.pro,available,,,high,high,6,,,,
fdfac107-faad-448e-9a5e-e06d69df75fd,rihanna.pro,available,3.58,29.49,high,low,7,namesilo,,,
81e2704f-4115-4afd-847f-5e51833f766d,uproar.pro,available,4.99,,high,low,6,name.com,,,
9379db44-0c86-4324-abaf-2c45a8e016c4,haggle.pro,available,,,high,high,6,,,,
1036fca3-3051-432b-a817-fca6c83489b7,creeky.pro,available,,,medium,low,6,,,,
e3c188f4-2e08-4b60-8591-d7bed4295afa,preserves.pro,available,,,high,high,9,,,,
0516b9da-93d6-47c7-ac11-fe8ac0b7755c,pineappley.pro,available,,,high,high,10,,,,
4e8a4b36-07d3-4fac-bc95-4f552c395637,accresces.pro,available,,,medium,low,9,,,,
522fd48f-af4d-4581-8e65-d5916c741bd3,salad.pro,resell,,,high,low,5,Dynadot Inc,15/06/2017 10:08,15/06/2027 10:08,
3be81530-e48a-42bf-948b-c56c5f7b942c,raking.pro,available,,,high,high,6,,,,
f56eca8c-0a99-41d4-b9e1-0ec2048ec320,unattached.pro,available,3.48,33.98,high,low,10,namecheap,,,18/08/2026 14:48
40675515-92cb-401a-b0b8-00d848eee2fe,kinetic.pro,resell,,,high,low,7,Netregistry Wholesale Pty Ltd,21/07/2025 15:15,21/07/2027 15:15,17/08/2026 06:45
af10c06a-f593-4c11-81ee-760f6d3610e2,transporting.pro,resell,,,high,high,12,"Sav.com, LLC - 12",02/02/2025 15:16,02/02/2026 15:16,
7d880769-3ba7-49a2-adf5-7e6741331778,trailerload.pro,available,,,high,high,11,,,,
0e68dfb8-ff5d-4d38-bb72-e0074f3ee076,hoped.pro,available,,,high,low,5,,,,
2d68958e-9a44-4a74-996e-e3c361f1b523,diverges.pro,available,,,medium,low,8,,,,
31034762-5df8-4a3b-95cb-7850a7122e63,sawmill.pro,available,,,high,high,7,,,,
11b18636-628d-483d-956b-2f20688565c7,suchlike.pro,available,1.98,33.98,high,low,8,namecheap,,,11/09/2026 01:00
29d17922-d9e8-46e1-bbb7-3356547f07a4,extreme.pro,resell,,,high,low,7,"GoDaddy.com, LLC",27/07/2006 00:00,27/07/2027 00:00,04/09/2026 04:46
112c6bb4-949b-4585-b79e-a15acaf9f859,necktie.pro,available,,,high,high,7,,,,
c3497dbf-92c0-4410-bd2a-205654500262,mannered.pro,available,3.48,33.98,high,low,8,namecheap,,,24/08/2026 15:18
09ba252a-b52e-4406-9b0b-7ae8d43b8f02,copestone.pro,available,,,high,high,9,,,,
97ddd71a-cb24-4c6b-a5bc-266b85819e19,gyn.pro,available,,,high,medium,3,,,,
baf9fcf4-d81b-4b37-bdd4-5a96bdcf15ef,auxetic.pro,available,3.48,33.98,high,low,7,namecheap,,,07/08/2026 21:28
481b153d-c7a8-4229-8127-6faa99e2093e,modeller.pro,available,4.99,,high,low,8,name.com,,,
dfc2a728-ace3-4543-9ede-92cf61b32948,nexus.pro,resell,,,high,high,5,"GoDaddy.com, LLC",05/03/2018 10:09,05/03/2026 10:09,
61112cca-fdec-4cfc-b195-b1499a7d1a5e,socceroos.pro,available,,,high,high,9,,,,
5a39c628-28d7-47b8-9a95-24eea2a1d410,sneeze.pro,available,3.58,29.49,high,low,6,namesilo,,,
14941e78-0681-417c-9998-6ef94a71900f,transfolk.pro,available,,,high,low,9,,,,
6e5031fa-6545-4940-bdd4-38df00537a95,unicycles.pro,available,,,high,low,9,,,,
4800a6ed-f9a1-41c5-8f1e-1c0acea3ff0e,reconciling.pro,available,,,high,low,11,,,,
2b58ea42-3a69-4084-82ab-4ca7293d4960,cashmiri.pro,available,,,high,high,8,,,,
37c8e5d1-87ba-485c-8ceb-bfa7f94fca40,snare.pro,available,,,high,high,5,,,,
815ef795-1d5c-4b18-bc5c-ab1430ffeefc,clerkship.pro,available,,,high,high,9,,,,
506aca92-561b-4018-be6a-c0fdc009991a,studentish.pro,available,,,high,high,10,,,,
38c9f6cb-784e-4983-9d2e-ec008da7d4ab,rugose.pro,available,,,high,high,6,,,,
de6b4e2d-f8aa-4915-9e60-f07d772022e0,gauley.pro,available,,,high,high,6,,,,
8e2dd6ee-8a93-4a8c-87fa-6e6653f6c956,strikeovers.pro,available,,,medium,low,11,,,,
0368df9b-2399-47ec-b499-1a758697850c,flavorsome.pro,available,3.48,33.98,high,low,10,namecheap,,,18/08/2026 07:12
ef5398f8-fc02-4649-8129-a9c8a773319f,icescape.pro,available,,,high,high,8,,,,
5c5cc5ef-4b31-430d-a866-adcab329c013,suede.pro,available,,,high,high,5,,,,
36dfa0fe-d3c6-4697-814e-d9b2b7fca252,claustrophilia.pro,available,,,medium,low,14,,,,
ee132c40-d3d1-4de3-a64c-d4ed51c0db95,mythologies.pro,available,,,high,low,11,,,,
db043191-b71a-4ffb-9a96-c54d79ad3222,plc.pro,available,,,high,high,3,,,,
d7f42e3a-3ea3-41d5-a390-fb4fac6ef02d,concocts.pro,available,,,medium,low,8,,,,
d4a12fd5-e210-411d-af2e-c23b23a9b2a5,ironwoman.pro,available,,,high,high,9,,,,
74ecae70-ddfd-4b15-a173-45ffae5712ee,hsbc.pro,available,,,high,high,4,,,,
22194597-0064-4170-b356-e08e72f4b2cd,tierce.pro,available,3.48,33.98,high,low,6,namecheap,,,
0456429c-bf86-41bb-b950-963cefb80399,indulging.pro,available,1.98,33.98,high,low,9,namecheap,,,05/09/2026 00:26
3ac90466-cace-4f5f-8f5e-ba486bffefe4,recollection.pro,available,,,high,high,12,,,,
0a0a26d8-51a5-4692-b047-697256e808c4,miniskirts.pro,available,,,high,low,10,,,,
121411ec-d5a3-4c74-91d9-cd150fdfb23c,want.pro,resell,,,high,low,4,"Sav.com, LLC - 47",27/01/2024 17:00,27/01/2027 17:00,
b53cc865-9781-4220-bb38-081e87b54fa6,moratoria.pro,available,,,medium,low,9,,,,
bc92f772-1a4e-47da-b74e-c1abe7f072a3,virtuosos.pro,available,,,high,medium,9,,,,
a1e0c637-caff-4e1f-8d86-ff6c183ef6c6,feetsy.pro,available,,,medium,low,6,,,,
09bdafd2-aae3-4e9a-a44d-489662535807,frontlist.pro,available,,,high,high,9,,,,
e77c6b76-8540-4bc0-92c5-6fd9aaa173db,unhesitantly.pro,available,,,high,high,12,,,,
296fd392-94ef-458c-aea6-1eada46a1e41,footlockers.pro,available,,,medium,low,11,,,,
355fe742-9da6-42a6-85f6-6609a9e51b78,enjoyful.pro,available,,,high,high,8,,,,
ccbfc3e5-25b3-4af9-ba86-ab502bb037cc,dozens.pro,available,1.98,33.98,high,low,6,namecheap,,,14/09/2026 23:20
da40fffa-fb78-4470-a114-018da27094be,artifacts.pro,resell,,,high,medium,9,Epik LLC,30/10/2022 17:00,30/10/2025 17:00,
a5cc84b8-0dd5-48a2-b726-3919b133db4b,repartee.pro,available,,,high,high,8,,,,
e5e16819-496f-416a-ac26-67ef18667813,police.pro,resell,,,high,low,6,Porkbun LLC,01/08/2007 00:00,01/08/2027 00:00,20/09/2026 07:51
1e82f65d-8fed-4711-b010-b38dbb4501b9,sfeeha.pro,available,,,high,high,6,,,,
e83bf70a-77d0-4fef-86f3-b07f3d572f25,datebook.pro,available,,,high,high,8,,,,
3f32478e-907a-412e-a2f7-4caf4d3754b3,monoplegia.pro,available,,,high,high,10,,,,
af92d21b-821c-4208-a08f-9c37c3b7c468,readthrough.pro,available,,,high,high,11,,,,
148c08cb-2c87-48ac-bc55-312f7e57b923,bottomward.pro,available,,,medium,low,10,,,,
e2beac17-ec87-46b9-811f-c8b6a9c9fc72,codirector.pro,available,,,high,high,10,,,,
3fcc2e89-75ce-4b41-b1b8-002aecdc92f4,evaporation.pro,available,,,high,high,11,,,,
6fed5895-d70d-4323-839a-132333b1626c,chimeras.pro,available,,,high,low,8,,,,
f08dee98-d818-4584-9f4c-9456f04b54c6,funkadelia.pro,available,,,high,high,10,,,,
6a55d4e4-159a-46ac-8633-ec45795f6c1c,leibnitz.pro,available,,,high,high,8,,,,
5fa082ef-cb3c-4c5e-8ffa-31d10c850ef8,snicked.pro,available,,,medium,low,7,,,,
ca736ba8-39ea-4e90-9450-210419769b5d,grungy.pro,available,3.48,33.98,medium,low,6,namecheap,,,09/08/2026 09:36
dc32605d-994a-4c9f-9023-22980e6f9cde,pep.pro,available,,,high,high,3,,,,
162dc00b-ef34-4ed7-8aad-85586ced38e2,imitatively.pro,available,,,high,medium,11,,,,
f3286d1b-62af-49f0-9647-543ec1115029,cowberry.pro,available,,,high,high,8,,,,
6a9d23a7-6b6e-4f6a-a351-a4d02c24f29b,provably.pro,available,1.98,33.98,high,low,8,namecheap,,,14/09/2026 11:29
4701fd65-8774-436b-9728-e4642704f88f,motto.pro,resell,,,high,high,5,Dynadot Inc,14/11/2020 14:30,14/11/2026 14:30,
3c707c14-c8d2-44a2-ac3a-0693dde23104,musculature.pro,available,,,high,low,11,,,,
91b2d2ab-85f4-4762-a407-3f264d96ab81,spacko.pro,available,,,high,high,6,,,,
4dde54a1-4b12-4064-aba9-479a5b7e0e31,wedge.pro,resell,,,high,low,5,Dynadot Inc,08/11/2019 10:13,08/11/2027 10:13,
99a2e47a-418d-4e58-bd68-7c6093dbb0ec,cubbyhole.pro,available,,,high,high,9,,,,
18fe7e3d-3a1b-4bfa-ab51-095e2fa6e2b7,photogenic.pro,available,,,high,high,10,,,,
4d01b2db-4012-4e52-8ade-361519fff8f7,jugglery.pro,available,,,high,high,8,,,,
64f42dd6-044d-4dc6-93f4-926cf408c08b,spaceships.pro,available,,,high,medium,10,,,,
f7bffb44-6812-44a0-b846-159121ece512,potatoey.pro,available,,,high,high,8,,,,
0b2a31e1-a127-4b64-aa95-37964237030d,lop.pro,available,,,high,high,3,,,,
7f204fa2-5f5f-4055-a955-2278c4c5fd3f,piewoman.pro,available,,,high,high,8,,,,
516a8d49-a454-4795-bc5a-6c7d4806ef7d,updatable.pro,available,,,high,high,9,,,,
6b75ddbf-ad03-4976-a1fa-0c197e434ca3,intentionally.pro,available,,,high,high,13,,,,
b5a0a818-515e-48e8-bec2-c7def5183f99,entitle.pro,available,,,high,high,7,,,,
2e334b8e-107e-4809-b312-c3f464121825,megaflops.pro,available,,,high,low,9,,,,
197feed5-0150-4147-975b-681f22fd7046,blankie.pro,available,,,high,high,7,,,,
3fdd2ee2-79b4-4796-9e8b-1380f289bdcc,tileboard.pro,available,,,high,high,9,,,,
fb670a1d-fa8c-4080-b5f4-a64019408c2e,multiplatform.pro,available,,,high,high,14,,,,
3b0e555a-b36e-4ab1-bfcf-646cd699240f,episcopalian.pro,available,,,high,high,12,,,,
31c591c4-f92a-4e28-8ba8-2bbab9dc8fa8,midapril.pro,available,,,high,high,9,,,,
4cb71a87-8a6a-4860-a8bf-4cd64cb800bb,characterization.pro,available,,,high,high,16,,,,
f3a76d72-74bd-4c9c-92f2-4cf54e4fd3ab,indite.pro,available,,,high,high,6,,,,
1821f6c2-9420-4b09-a464-941e417d2c78,hothouses.pro,available,,,high,low,9,,,,
1d2c49ce-b691-4791-a21e-affa06a4e9d5,quintillion.pro,available,,,high,high,11,,,,
aff74d5f-4cda-4d44-acca-ee8f38f146a7,snickered.pro,available,,,medium,low,9,,,,
2155e98b-ee53-4433-afbd-3e9eae878264,moorfowl.pro,available,,,high,high,8,,,,
31936396-b506-403e-9fd5-6861a0ca0df6,steamship.pro,available,,,high,high,9,,,,
f60cf4d8-adcd-424c-b7db-fd652a700a08,cackling.pro,available,,,high,high,8,,,,
8e9ed31c-950c-4a44-bdcc-1ca10d3500df,declined.pro,available,,,high,high,8,,,,
307ae392-6f79-4c4c-a9b0-09d0915e97bc,multimaterial.pro,available,,,high,low,13,,,,
6a2af65a-327d-44c3-8bb0-d594658d8501,creating.pro,resell,,,high,low,8,"Sav.com, LLC - 31",14/08/2025 15:15,14/08/2027 15:15,20/09/2026 21:22
f675162c-0d65-4a4a-91e1-660158cf2e31,hires.pro,available,,,high,high,5,,,,
65d1ab11-ccad-4494-aea3-14b55496de9d,wheathampstead.pro,available,,,high,high,14,,,,
9a8bc790-34df-4742-981a-aa273e382ba3,afore.pro,available,,,high,high,5,,,,
46156d37-f5a2-488e-97d1-a4013be6ae2d,phonic.pro,available,1.98,33.98,high,low,6,namecheap,,,08/09/2026 19:06
89ded535-89d8-4a99-bea2-0f1ce8db31b7,charities.pro,resell,,,high,high,9,Epik LLC,25/12/2022 17:00,25/12/2025 17:00,
7b201c91-733c-47f6-ac9e-fc3516c6ee29,soilborne.pro,available,,,high,high,9,,,,
32b78106-a475-410d-9de9-aa144f7c2d0d,arched.pro,available,3.48,33.98,high,low,6,namecheap,,,06/08/2026 14:34
87f23c5b-f28f-4399-bafa-acedeb713160,amino.pro,resell,,,high,low,5,Dynadot Inc,28/10/2017 07:34,28/10/2027 07:34,
0ca8c061-736e-4d6e-8ff9-a137611c77ad,naturalizer.pro,available,,,high,high,11,,,,
e56182f4-c97d-40e8-a20a-33cb69fb5655,src.pro,available,,,high,high,3,,,,
e11efbd8-45f0-44cf-ba77-b567f0cf94fe,springy.pro,available,,,high,high,7,,,,
32f2b5ba-258e-4cf2-a002-ab88c0769403,bookham.pro,available,,,high,high,7,,,,
e6d9d401-82bd-4d2d-8876-198cfd3e8119,atyd.pro,available,,,high,high,4,,,,
cdf8edf0-8823-4e89-a137-d44d580ee9c5,zweikanter.pro,available,,,high,high,10,,,,
d45606bf-72b1-4cf0-b671-631a6fbb261e,tantalizingly.pro,available,,,high,high,13,,,,
b432154b-6d3e-47af-ac38-463f96003259,redirecting.pro,resell,,,high,low,11,Epik LLC,22/06/2022 17:00,22/06/2026 17:00,
b63f07c9-c4a6-4f25-9fe5-300e59ce1c29,journeying.pro,available,,,high,high,10,,,,
ae8a89b6-848b-4b35-bb65-a387c428d707,alliyah.pro,available,,,high,high,7,,,,
08eca9d0-3405-4e86-b7a4-e79b32708a5d,inhalation.pro,available,,,high,high,10,,,,
60b000fd-5b78-46de-b100-683f4245ffab,crowdwork.pro,available,,,high,high,9,,,,
4f45c556-1bcd-4812-a158-ae9e31770164,watermeal.pro,available,,,high,high,9,,,,
30bc1432-0208-4e2e-8ee7-522d3eb1e52c,insure.pro,resell,,,high,low,6,Unstoppable Domains Inc,07/08/2023 15:15,07/08/2027 15:15,
55ad67c1-283b-4f6d-a83e-1343221b9f83,interactively.pro,available,,,high,high,13,,,,
f883ac5a-2c1d-4efa-b00a-895f82c4d9d9,postoperative.pro,available,,,high,high,13,,,,
e97a477e-11b2-4d5e-8595-434e06d23f3f,painstaking.pro,available,,,high,high,11,,,,
69e6baad-4ed1-4175-9421-1a2477c79c57,carbondale.pro,available,,,high,high,10,,,,
ea475748-79ea-4c41-8721-b47da0abf8c0,sis.pro,available,,,high,high,3,,,,
f26a0247-737e-4970-aba8-e24e7063d069,cataloging.pro,available,,,high,medium,10,,,,
8fc1d089-75ee-4bc4-bc7a-c7490179c629,frontwomen.pro,available,,,medium,low,10,,,,
dab1909e-3335-4679-95ea-d272d567547c,headlock.pro,available,,,high,high,8,,,,
71a32da1-8da8-42af-a32f-f55d4682661d,greengill.pro,available,,,high,high,10,,,,
1926d47a-5dc2-4b69-ae90-09b9969c3f9b,zig.pro,premium,512,512,high,low,3,namesilo,,,13/09/2026 15:15
849b71cc-ea52-4bf8-8062-89a801a63dfb,alitalia.pro,available,,,high,high,8,,,,
958c4d48-2db3-4134-bf9e-20cc1db48c16,typographical.pro,available,,,high,low,13,,,,
984ad73c-5bcf-4062-ab96-a91a32cce7ec,demographically.pro,available,,,high,high,15,,,,
3aa5ca32-639c-4d02-be88-f8f06a91fb7c,roselike.pro,available,,,high,high,8,,,,
5f7d59cc-7a74-47a5-8c48-59dbf38339e0,sukabumi.pro,available,,,high,high,8,,,,
e6f5de1c-0ea7-42de-b768-8d8d02250669,declaring.pro,available,,,high,low,9,,,,
05a1511c-9ed9-4b14-81d5-d3a44049660f,enthusiastic.pro,available,,,high,high,12,,,,
1980f107-56f8-4717-849a-fda3a27fe413,involutes.pro,available,,,medium,low,9,,,,
37a103b0-d655-400f-8fed-04a39dc66948,sisterhood.pro,available,,,high,high,10,,,,
e47fd8da-8249-43fa-937a-616b3fe12855,grandaunts.pro,available,,,medium,low,10,,,,
db5b9edb-8394-44f9-a4a2-39400b6bd0aa,lowlands.pro,available,,,high,high,8,,,,
794230c6-13a0-4ecb-a78f-5035ac0030a2,afar.pro,available,,,high,high,4,,,,
3203d462-7f55-456f-aa22-b0dba597aec1,clarifier.pro,available,,,high,high,9,,,,
e09ce045-f6d5-47e9-8996-81d1e4207994,passionately.pro,available,3.58,29.49,high,low,12,namesilo,,,
1c572eeb-1f66-4837-97a1-9c3fccb9e643,grater.pro,available,,,high,high,6,,,,
9992a5f2-1e58-42ab-aeed-877c6ae4f953,msg.pro,premium,1250,,high,low,3,name.com,,,
15971e11-6c80-49f7-a0e6-8b7ac867179f,greases.pro,available,,,medium,low,7,,,,
252f602d-4f8c-4ba3-9fdc-b5e76ddc9c3b,wiedermann.pro,available,,,high,high,10,,,,
3d4d0f6e-4666-4969-867e-2ff22544b2f6,impossibly.pro,available,1.98,33.98,high,low,10,namecheap,,,15/09/2026 04:27
fa27be5d-2c61-4642-ab56-7e2fbd35bbb4,counted.pro,available,4.99,,high,low,7,name.com,,,
161a9fca-cb0b-4d37-842b-357b64a82668,tallinner.pro,available,,,high,high,9,,,,
6f3a9ba4-4a3f-4e9d-8f49-611f74c824b0,firey.pro,available,,,high,medium,5,,,,
e3967498-17ba-40c6-908b-1123e25b4a82,dripline.pro,available,,,high,high,8,,,,
f77e950a-d4cf-4a13-b27a-ed7543cf3744,whispering.pro,available,1.98,33.98,high,low,10,namecheap,,,03/09/2026 11:10
04cc4609-a0f6-4c57-a068-fd6b9d95fde1,regionally.pro,available,1.98,33.98,high,low,10,namecheap,,,15/09/2026 22:57
fde41793-2d23-4414-b830-bc51882d2c25,ett.pro,available,,,high,high,3,,,,
e4e857c5-ce58-4467-a286-f6c82a713d39,superstreet.pro,available,,,high,medium,11,,,,
36310e8d-32c0-4360-bdcc-e121cac37f5d,mmo.pro,available,,,high,high,3,,,,
2c76206b-75e2-49a1-a45c-58607860919c,settee.pro,available,,,high,high,6,,,,
66bf551f-bce2-456c-8882-289c60733451,supermouse.pro,available,,,high,high,10,,,,
16f4eba7-e335-4878-8a64-2daca0daba5d,unto.pro,available,,,high,high,4,,,,
e2927092-8962-449c-ad0e-1e8f0d9b6268,photorealistic.pro,available,,,high,high,14,,,,
143e6a02-f210-4c80-a743-76b1ee4db46d,kirkland.pro,available,,,high,low,8,,,,
449b9fe9-3f2a-4e75-aec3-098a5a46fce9,sentential.pro,available,1.98,33.98,high,low,10,namecheap,,,10/09/2026 03:50
c8d9d077-b200-44d6-8a45-64472411c782,beneficiary.pro,resell,,,high,high,11,Epik LLC,01/09/2019 10:06,01/09/2025 10:06,
04798b45-736d-4e55-97e2-15c20509e25b,genres.pro,available,,,high,low,6,,,,
72a24bdf-ce0b-46a9-8887-7b1f750a51f0,ribulose.pro,available,,,high,low,8,,,,
24b529ad-ae5e-49d4-aa51-de421a31cde5,cooties.pro,available,,,high,low,7,,,,
04d721d8-98b5-4b40-817a-182bdc768aa5,waving.pro,available,,,high,high,6,,,,
d8f657e8-d766-44fc-b0a6-ba0084cdf876,wetherhead.pro,available,,,high,high,10,,,,
b6177007-e281-4d90-9212-d36dcdb68a35,saucing.pro,available,,,high,low,7,,,,
f9f90bd9-6fb0-41dc-928d-834eb5304e81,postmedication.pro,available,,,high,high,14,,,,
c5540bba-5e40-4527-9887-951a9ff21d92,bucatini.pro,available,,,high,low,8,,,,
fb9b8ef0-4265-4db2-a247-6c57cb54af01,exalt.pro,resell,,,high,low,5,"Sav.com, LLC - 11",30/12/2025 15:15,30/12/2026 15:15,
e582b2a4-81f8-4639-a952-c96046678e31,lederhosen.pro,available,,,high,high,10,,,,
e00e9de7-9070-4539-80f8-819a2c390df7,gorsuch.pro,available,,,high,high,7,,,,
d481aed1-54a8-48f1-9215-099d27ac0958,eco.pro,available,,,high,high,3,,,,
72027421-1e0a-4f6f-8a9d-541ca8f63760,explosiveness.pro,available,,,high,low,13,,,,
f6e4d5e5-3ec2-4de4-a8a9-b9ab949540b4,singletary.pro,available,,,high,high,10,,,,
36c3e888-8d55-44e4-8e47-bb243c3ee136,undo.pro,resell,,,high,high,4,Epik LLC,13/05/2023 17:00,13/05/2026 17:00,
17b4ec2c-0f35-41cd-8447-9ccb079ad811,outsize.pro,available,1.98,33.98,high,low,7,namecheap,,,04/09/2026 19:38
b4bbc8c0-19ad-4266-b3ea-2bd1034aef51,boyishness.pro,available,,,high,high,10,,,,
869c608e-87cf-4a57-96a0-688ccc2b1f72,proisrael.pro,available,,,high,high,10,,,,
91dc181e-710c-422a-946f-405296c01245,somerford.pro,available,,,high,high,9,,,,
ed6f9296-2920-4242-bf34-2bf80f598e58,recycled.pro,resell,,,high,high,8,Epik LLC,09/10/2017 10:09,09/10/2025 10:09,
be497179-f9c6-41c6-a120-6db42e5f1328,strollingly.pro,available,,,high,high,11,,,,
11416df2-8a0f-45d4-a378-c5563eb9b5b6,godliness.pro,available,,,high,high,9,,,,
5a058605-f270-4992-b032-23218c2afd7d,rio.pro,available,,,high,high,3,,,,
273eb74b-8d5e-404a-9d74-bced5fd3ab21,credobaptism.pro,available,,,high,high,12,,,,
812914b4-ae0f-44cd-9ef4-0df63c467a84,edt.pro,available,,,high,high,3,,,,
ec2fa5bd-08cb-40f0-9b6f-c53e9ec4c4ec,genesiacal.pro,available,,,medium,low,10,,,,
55c63ca2-d0e5-454f-813b-b2e656a94cc9,continuation.pro,available,,,high,high,12,,,,
468d7a65-c272-463d-91d4-1af3bc9b9c1b,optionally.pro,available,3.58,29.49,high,low,10,namesilo,,,
07c9c0ce-9cbd-4e41-9fc4-530143ad2eef,prokaryota.pro,available,,,medium,low,10,,,,
572aed34-a54d-40cd-923f-3035b0b2de5e,suggestion.pro,resell,,,high,high,10,Epik LLC,25/08/2022 17:06,25/08/2025 17:06,
065fd577-9229-45b4-bce5-ab814c8bf117,colourations.pro,available,,,medium,low,12,,,,
b15d7ad3-5416-476c-8731-935dde6e78b6,borganism.pro,available,,,high,high,9,,,,
d671ac68-0d5e-4b91-a8ce-eae5973a1f64,manpain.pro,available,,,high,high,8,,,,
2333d36c-3f36-4fdc-a861-2e7f38b08759,newsish.pro,available,,,high,high,7,,,,
3e1b09f0-4f09-4203-a7e7-83c286bc7093,viewly.pro,available,,,high,high,6,,,,
13e97648-df81-4389-9d9d-46e9b7051d4c,details.pro,resell,,,high,low,7,Epik LLC,03/09/2021 14:30,03/09/2027 14:30,24/09/2026 01:04
da2509d5-273b-42e2-b13f-797fba90355e,butterdock.pro,available,,,high,high,10,,,,
804beeea-bc45-4097-a599-fe65cb2d4a0a,greekdom.pro,available,,,high,high,8,,,,
d27963e6-23f5-465d-8d0b-f643d18a51a4,progressively.pro,available,,,high,high,13,,,,
fcd3b06c-0a7c-4c39-b699-338def58049a,galere.pro,available,,,high,high,6,,,,
dffa1094-1d56-48de-8980-242e1ee07320,tdma.pro,available,,,high,high,4,,,,
445eca0f-b63a-4c33-ae98-8d90e20bb3b6,incomer.pro,available,,,high,high,7,,,,
ce9cff35-e603-4043-9e11-9a1306d1ff51,indwell.pro,available,,,high,high,7,,,,
5748a869-dd99-4b13-a4fe-16924854db2c,resets.pro,available,,,high,low,6,,,,
dff42b87-3f02-4cd7-92ea-c247a81c5a2d,appreciableness.pro,available,,,high,low,15,,,,
7bcf7e05-67d1-4292-92b3-2e364d62a9bc,iodized.pro,available,3.48,33.98,high,low,7,namecheap,,,22/08/2026 09:18
4b4291af-4df0-44ee-836e-9f16cabb230c,appreciatively.pro,available,,,high,high,14,,,,
f8b7e20e-ed20-4734-a5d3-3a01144c3c40,fingerbreadth.pro,available,,,high,high,14,,,,
6dd0e914-6ad4-406c-8971-584c0c95490f,bathers.pro,available,,,medium,low,7,,,,
6c3bfcf1-5101-4f26-943d-d2bab15f3ea4,gormflaith.pro,available,,,high,high,10,,,,
536b36ee-10c5-4ce9-8140-a88211bdbfb7,evrything.pro,available,3.58,29.49,medium,low,9,namesilo,,,
ddc71e6a-6f98-4f93-b0f1-c5a76b2ba874,acclaimers.pro,available,,,high,low,10,,,,
415481d8-e71a-46be-80a3-039eef0d8c46,luella.pro,available,,,high,high,6,,,,
64787cbb-eb40-449a-98e1-25a7357c83df,lastly.pro,available,4.99,,high,low,6,name.com,,,
751bd54c-9ab4-41dc-9958-5bdf1fca3d82,gilt.pro,available,,,high,high,4,,,,
2dfc49e6-b3ca-4724-b01c-45c05d754b43,stares.pro,available,,,high,low,6,,,,
fd2c7ace-df11-4d93-85e5-34a6ced58991,eggcellent.pro,available,,,high,high,10,,,,
ebba5499-9c80-4b1a-8770-14c2c36debb2,sideblown.pro,available,,,high,high,10,,,,
471aac7f-3e3f-4ccb-a3c6-4f471a4cfd2f,indie.pro,resell,,,high,medium,5,"EnCirca, Inc.",29/11/2009 19:15,29/11/2026 00:00,22/08/2026 03:00
e1242fac-f2d2-48b0-96c1-e759c2891ff4,teetotallers.pro,available,,,medium,low,12,,,,
f6bb3265-f9db-4718-b215-c9f5e25ad73e,ironwright.pro,available,,,low,low,10,,,,
58bd6417-22f1-43a7-9c9f-c7eba5846daa,deciphering.pro,available,,,high,high,11,,,,
41160400-e3c4-4d64-84c1-efdf3fec77fa,overestimate.pro,available,,,high,high,12,,,,
143ea119-b79d-4f17-9b2e-5a75d33420b2,mcg.pro,available,,,high,high,3,,,,
c5a91861-a980-4590-93fb-c284327e2c4a,birthdate.pro,resell,,,high,high,9,Domain Science Kutatási Szolgáltató Korlátolt Felelősségű Társaság,01/06/2024 17:00,01/06/2026 17:00,
7c39bfc6-8108-48f7-9f2c-cd18dd075654,doability.pro,available,,,high,low,9,,,,
69878177-02de-4c09-8250-96710cd6afb1,reminiscent.pro,available,,,high,high,11,,,,
d8d206a0-34a6-476d-9c7c-ebdf71acc8f3,avionic.pro,available,3.48,33.98,high,low,7,namecheap,,,07/08/2026 23:35
491b39a0-50af-462e-9b05-728bc275189d,democracies.pro,available,,,high,low,11,,,,
59faff7f-b9ad-4ccd-be90-26d637f4cfab,vitality.pro,resell,,,high,high,8,1API GmbH,23/08/2019 10:14,23/08/2025 10:14,
f6dc7718-854a-4869-ae36-79dd0e1e8b51,boadicea.pro,available,,,high,high,8,,,,
8b811b05-640d-4777-baa1-65ea2aaa76aa,primping.pro,available,,,high,high,8,,,,
d709a58a-3eba-451b-a7bd-3586da3634f7,unalterable.pro,available,,,high,high,11,,,,
5a8979c6-df74-47da-9468-a430dcbf062c,facelifting.pro,available,,,medium,low,11,,,,
306577c9-0e17-48b7-a3e1-7d089b6c9c52,photoworthy.pro,available,,,high,high,11,,,,
bbfbf10c-e100-4eb3-8151-46fcf06f1341,bobbi.pro,resell,,,high,high,5,"NameCheap, Inc.",04/07/2024 00:51,04/07/2026 00:51,
a8cce8bd-5c19-4422-9026-ad48cd2803c2,virtualise.pro,available,,,high,high,10,,,,
5ef63f2c-5785-45f4-845e-5e2d7586b1d6,neolithic.pro,available,1.98,33.98,high,low,9,namecheap,,,03/09/2026 15:25
a32067d3-0d5f-45d3-b438-531f6e16ae8e,phonosurgery.pro,available,,,high,low,12,,,,
ab00bcd3-8e4d-4528-8950-21534979ec14,telefax.pro,available,,,high,high,7,,,,
51975028-9b93-4ab6-955b-77376087f2ef,tubbing.pro,available,,,high,low,7,,,,
4bdd048b-f5a0-4ff8-9c36-b44f11b35d72,comox.pro,available,,,high,high,5,,,,
66186832-b822-4a11-9017-b300292994c7,sociologist.pro,available,,,high,high,11,,,,
d24e7175-980f-484f-874e-57fd812adf12,saleslady.pro,available,,,high,high,9,,,,
d86e5ea2-c5a7-48eb-a6a6-ec9c7652371d,jordan.pro,available,,,high,high,6,,,,
c25c18bb-cdf1-4afa-a835-3e960dec2b3d,lessees.pro,available,,,high,low,7,,,,
514e3247-099b-42b0-817f-4b9a91d99956,breakdancer.pro,available,,,high,high,11,,,,
4702a60b-503c-4c69-be83-5151c9eae75e,restitch.pro,available,,,high,high,8,,,,
46219afe-0dee-4e0c-9f02-73017bb43300,jealousy.pro,available,,,high,high,8,,,,
e0a2eb9f-8e04-4f35-9980-9ecec61f77ac,tupped.pro,available,,,medium,low,6,,,,
af54685c-9978-497b-9c42-f091ad6d0f15,cohesively.pro,available,,,high,high,10,,,,
9facd922-7ce8-40e8-8781-55586a3e64ef,miniver.pro,available,,,high,high,7,,,,
c76f5b24-959c-4231-b646-48fe94c25d90,gasoline.pro,resell,,,high,high,8,Dynadot Inc,23/03/2016 06:15,23/03/2026 06:15,
2b3f93e7-d65b-4118-9ec6-561310cbea25,outsmarting.pro,available,,,high,high,11,,,,
f463256b-c60a-4a6e-aafa-42c2fed85514,stutters.pro,available,,,medium,low,8,,,,
baa05a30-53bd-453f-8f91-4088df9bcbb4,highlighting.pro,available,3.58,29.49,high,low,12,namesilo,,,
b443f78b-b2ae-48db-b327-9628d20ba81d,muscular.pro,available,3.48,33.98,high,low,8,namecheap,,,11/08/2026 02:50
7de051ef-c511-4f57-ba38-360eaa5e7001,oeuvres.pro,available,,,high,low,7,,,,
1d3dd6ff-6846-47ae-966b-400882070237,wetland.pro,available,,,high,high,7,,,,
ce341e8d-1680-4c3e-97ff-eadf26dbca35,cornstalk.pro,available,,,high,high,9,,,,
dad88218-54f7-4bbf-8148-22b4aa7e0567,goosander.pro,available,,,high,high,9,,,,
c5cfd867-dc54-485d-86a4-2584e7ff6853,dateline.pro,available,,,high,medium,8,,,,
591c3b94-1692-4b07-8b75-671a1b8b0b18,tai.pro,premium,500,500,high,low,3,name.com,,,10/09/2026 07:25
8bec628e-e506-4733-9b89-72f68ab3ea74,testaments.pro,available,,,high,low,10,,,,
8fa1bb30-c85b-4dd3-95d8-2b46a251f153,cot.pro,premium,242,242,high,low,3,namesilo,,,
8ffcc194-d632-4d94-9150-0cd1981b37c8,horsedom.pro,available,,,high,low,8,,,,
116eae79-b489-4e91-b8bc-816d14c48881,bypath.pro,available,,,high,high,6,,,,
ac0c610a-6dcc-4958-9b74-9508df6b8cdc,eserine.pro,available,,,high,high,7,,,,
17c155fb-1399-46cd-a958-3032b621d311,oxfam.pro,available,3.58,29.49,high,low,5,namesilo,,,
12213a5d-221a-4bf5-b0f9-98fe12309d9b,crux.pro,resell,,,high,high,4,Dynadot Inc,01/04/2020 10:09,01/04/2026 10:09,
a88a35fa-cfb5-4576-b31d-3c9974fa8496,forebrain.pro,available,,,high,high,9,,,,
696a4b29-6652-4398-974c-fc206cbf1233,ionised.pro,available,3.48,33.98,high,low,7,namecheap,,,22/08/2026 09:33
1a1fe474-5848-48e5-bf6a-85d13ec005ea,mistresshood.pro,available,,,high,low,12,,,,
aff32864-b01d-4dc4-8c95-1b00cba3bab8,peppiness.pro,available,,,high,high,9,,,,
7c14498a-0427-44cd-9b17-e334ae2e1321,accumulatio.pro,available,,,high,low,11,,,,
341ca7cb-1b78-470e-8c14-db7497c1bbdf,tvr.pro,available,,,high,high,3,,,,
03bc935d-46e0-4356-84ee-73c09145c843,kinrossshire.pro,available,,,high,high,13,,,,
ba625124-6d93-4030-a47a-89ee86c5c697,passive.pro,resell,,,high,low,7,Dynadot12 LLC,13/08/2021 14:31,13/08/2027 14:31,
49354913-53d2-4a1f-885e-9d4e44481447,semicircular.pro,available,,,high,high,13,,,,
a556636d-0c67-4370-b386-327a821bf4e7,politeness.pro,available,,,high,high,10,,,,
644a28a0-c5d7-4beb-ae8a-c1d18b222cbd,mongolian.pro,available,,,high,high,9,,,,
1b5b67a1-4b24-4494-a1be-8af9874ab3fb,accumulated.pro,available,,,high,medium,11,,,,
ebf7dd25-3175-4173-878d-20651a9e6291,invitee.pro,available,,,high,high,7,,,,
b77f2053-44ea-4024-8af5-854746e0d1d4,birthgiver.pro,available,,,high,high,10,,,,
a1e1533c-44a0-48d7-8ade-734b528105bd,deeply.pro,resell,,,high,low,6,"Sav.com, LLC - 17",22/11/2025 15:15,22/11/2026 15:15,13/08/2026 22:30
cf3ed538-0f66-4b33-bf4d-845ee893de3e,quaintly.pro,available,1.98,33.98,high,low,8,namecheap,,,15/09/2026 22:07
bc93a313-af7c-4b77-98cc-18923982406f,consigner.pro,available,,,high,high,9,,,,
7a48205e-57d8-4c2b-a2ec-455f4c12752e,precognition.pro,available,,,high,high,12,,,,
666483e7-0411-4e7e-ad86-84bd080cf6bc,reawaken.pro,available,,,high,high,8,,,,
30ccbba8-8f4f-4cf0-a1e1-661a58866f02,terawatt.pro,available,,,high,high,8,,,,
68bd4418-c00b-44d8-8fff-af05539a0b69,gop.pro,available,,,high,high,3,,,,
f5f50a26-5687-40aa-a29d-ba0c1df89112,pam.pro,available,,,high,high,3,,,,
270aec0a-4823-4a03-a896-c189edb56ea4,gatorade.pro,available,,,high,high,8,,,,
473921e1-75b2-48df-9a0e-16d8e866e4d6,consent.pro,resell,,,high,low,7,"Sav.com, LLC - 46",31/10/2025 15:15,31/10/2026 15:15,08/09/2026 13:17
f8b0637b-b9e4-47a6-88f2-6f636be95e7b,craftspersons.pro,available,,,medium,low,13,,,,
5ba7c009-c6c9-4721-80c4-049464128748,midmarch.pro,available,,,high,high,9,,,,
1d1b91d5-3cc1-4b99-b91a-478958617c40,pup.pro,premium,500,,high,low,3,name.com,,,
62edafca-0131-4be0-b834-164ddb347928,hdd.pro,available,,,high,high,3,,,,
b4fb658b-b328-4765-a6bb-8edff4b2896f,airbrasion.pro,available,,,high,high,10,,,,
ce9d1435-ddba-411b-ae0f-b45501ce27c4,surfing.pro,resell,,,high,high,7,Registrar of Domain Names REG.RU LLC,29/11/2015 01:22,29/11/2026 01:22,
46c642c0-a5a7-416b-b3b2-e0ac218096fc,beginning.pro,resell,,,high,low,9,"Spaceship, Inc.",23/12/2025 16:12,23/12/2026 16:12,09/08/2026 09:06
297e7d07-406e-48d5-bbf6-c63c33c4d581,pipes.pro,resell,,,high,high,5,"Sav.com, LLC - 36",04/01/2025 15:15,04/01/2026 15:15,
4a5acfed-32b8-4df0-afc0-27654f833e5f,brassboard.pro,available,,,high,high,10,,,,
e00ddb65-3d3a-4b1c-9581-c413db0eedc9,illumining.pro,available,,,high,high,10,,,,
fc4584a0-4322-41e8-8e19-39649215769a,finns.pro,available,,,high,low,5,,,,
19b10464-b374-4506-a091-7cdf3aa688be,bottomlessness.pro,available,,,high,high,14,,,,
0a529af1-f6ac-4c26-9c12-ea51a813f7b9,hitout.pro,available,,,high,high,7,,,,
baea28de-fac0-4c27-98b4-de3cbd37b178,hollywoodite.pro,available,,,high,high,12,,,,
461a3ed5-7800-4e04-992c-273f092777da,cannister.pro,available,,,high,high,9,,,,
9b398773-4d67-466f-8491-c5a7d04b4f9c,achy.pro,available,3.48,33.98,high,low,4,namecheap,,,
d0c208ce-067c-44e3-8ab3-fb21d09412c5,colormaking.pro,available,,,high,low,11,,,,
9165d33f-6e3c-46b4-a5d0-d3f94c185e23,pumper.pro,resell,,,high,high,6,Epik LLC,19/06/2022 17:00,19/06/2026 17:00,
e7603e95-1e90-443d-8bd8-6ed6827b8e56,multitudes.pro,available,,,high,medium,10,,,,
60f5372b-2c3c-4c14-be38-27f448ff616c,actualise.pro,available,,,high,high,9,,,,
0fd7b21e-9e53-42f5-b505-207eadc582b1,absorbents.pro,available,,,medium,low,10,,,,
86fe043f-2974-40cf-a157-09ea2964a46a,executable.pro,available,3.48,33.98,high,low,10,namecheap,,,17/08/2026 16:50
de373f34-758e-4100-b321-dafe7a0b8414,oss.pro,available,,,high,high,3,,,,
7bc44cc6-6786-4d14-b687-8599c045a256,aeroplane.pro,resell,,,high,high,9,Epik LLC,09/04/2023 17:00,09/04/2026 17:00,
0c486043-361f-4e8d-9ce4-e7c25fc6c723,disambiguate.pro,available,,,high,high,12,,,,
92b70342-92c3-46e8-b88c-9cfd786dd9a1,diversity.pro,resell,,,high,low,9,Dynadot10 LLC,21/11/2018 10:19,21/11/2027 10:19,
3677477a-c3af-424b-8dda-4ee3f84f9921,poobahs.pro,available,,,medium,low,7,,,,
aba3325e-c5f7-4fd8-a0f1-47a451f631f2,wnl.pro,available,,,high,high,3,,,,
80464891-c9d9-42c7-832e-fd59b879d2a3,ikaite.pro,available,,,high,high,6,,,,
a337b72f-4b5d-4956-8d2e-fcae9890d810,separability.pro,available,,,high,high,12,,,,
6ea74e0f-f52c-4d2f-ad33-32c213b7822b,loudhailer.pro,available,,,high,high,10,,,,
39e3557e-cbe6-4913-81f8-fbe6e51d368c,yemenite.pro,available,,,high,high,8,,,,
28abf16a-9dc1-4a38-838b-a5ed31d4405e,smithian.pro,available,,,high,high,8,,,,
d1500f9a-e77e-4b2e-8bd9-342a61f7138a,gelatine.pro,available,,,high,high,8,,,,
e1eced79-9492-4c84-b347-c4c8180649e5,tempestuous.pro,available,,,high,high,11,,,,
0d63be12-c5a1-40dc-8670-4cd048ce9dfa,farmward.pro,available,,,high,low,8,,,,
639f0880-7cca-41d1-a0e5-270986f9c502,hmw.pro,available,,,high,low,3,,,,
460c1f4e-9851-45cb-8f87-2f8f8f8b63bd,generalized.pro,available,,,high,medium,11,,,,
d9bc8dd4-ef8f-473c-bd52-e36ac7308862,teakwood.pro,available,,,high,high,8,,,,
dd52d05c-09f0-486a-90d8-54a6b5a64b72,siblings.pro,available,,,high,high,8,,,,
a3fc8a6a-8e51-46ae-bac6-eaa17a19d5c1,fluctuating.pro,available,,,high,high,11,,,,
492ff18b-436a-4938-b110-2f16c1064d1a,shielding.pro,resell,,,high,high,9,"Sav.com, LLC - 49",13/01/2025 15:15,13/01/2026 15:15,
c8c5efb3-6451-4d31-8b5b-1f2e75f9326a,knitwork.pro,available,,,high,high,8,,,,
812faf19-e176-485a-a3cf-ad97d2744c12,oilcoat.pro,available,,,high,high,7,,,,
20ac230c-30bb-41e0-a42e-2f071e4857c7,seoulite.pro,available,,,high,high,8,,,,
7c2fe200-8bcc-4bca-a5e2-6f473e82aa75,holidaymaking.pro,available,,,high,low,13,,,,
b978a529-26a6-4e58-a886-b5e86d97e032,suffrage.pro,available,,,high,high,8,,,,
c6083524-24d0-42cc-9c8e-1c3fd4693045,hoodwink.pro,available,,,high,high,8,,,,
1bd08e8c-4cc3-4cf0-a9a5-2af76f68b072,leaven.pro,available,,,high,high,6,,,,
2fdb57ae-9fb4-4375-8f5b-bd9682329d6b,janissary.pro,available,,,high,high,9,,,,
34a78c4a-298f-475a-bcec-4b39aa2581d5,emoticonlike.pro,available,,,high,high,12,,,,
de657a31-3186-4104-8023-7c95d1d77bd7,buckeyes.pro,available,,,high,low,8,,,,
2e966e44-0ec9-46aa-b572-2af47a7a8de9,glued.pro,available,3.48,33.98,high,low,5,namecheap,,,20/08/2026 15:12
6d7f8f02-0f7a-4cbe-b14e-1aa2dd19a429,broadcloth.pro,available,,,high,high,10,,,,
6b0fa2dc-b66c-4e79-ab2d-1f28411b09ea,doobie.pro,available,,,high,high,6,,,,
966d8bb6-0386-4a6d-9372-e5936af6ffbe,gorgias.pro,available,,,high,high,7,,,,
0741f5d0-1846-4dc2-89d5-ba9d92cc42e4,ellinor.pro,available,,,high,high,7,,,,
e9791c4e-e7ee-4777-8c09-3e67aa19d0cb,reattempt.pro,available,,,high,high,9,,,,
1bce6abd-af6b-48ba-b9da-1ba488b317b6,stepneygate.pro,available,,,high,high,11,,,,
292e2a3d-e95d-4c83-9f97-43dc0100ca28,ane.pro,premium,242,242,high,low,3,namesilo,,,
43828549-64a2-486d-8d38-4876410ff478,newscasters.pro,available,,,medium,low,11,,,,
995888f2-2c04-42de-9a7a-d83a49733eab,amc.pro,available,,,high,high,3,,,,
f3e29ebc-4479-44de-8454-f3a2f862df59,bookshops.pro,available,,,high,low,9,,,,
76feb88a-59e6-4b93-bc6f-713757427181,waked.pro,available,,,high,high,5,,,,
b657a6e6-3b05-428d-859c-36ebffa79e83,justified.pro,available,3.58,29.49,high,low,9,namesilo,,,
2b4586ad-2979-447a-8e52-72eaf6d14883,polycentrist.pro,available,,,high,high,12,,,,
726e65f2-6ed0-4997-8836-ad0be32f097e,katelyn.pro,available,,,high,high,7,,,,
3d89eea5-61db-4e71-b32f-10746c49a6ee,capitalizing.pro,available,,,high,low,12,,,,
f9b172ca-474d-4b1a-8ed4-ad07e180a50a,girliest.pro,available,,,medium,low,8,,,,
8698a017-e5c2-46c4-ba45-a5fc10e0846d,cadaverous.pro,available,3.48,33.98,high,low,10,namecheap,,,10/08/2026 18:51
9399d759-b065-4e73-9e11-e110e853ca96,francitan.pro,available,,,high,high,9,,,,
deabfdb8-84e7-4cbc-9f4d-e477dfd9788f,westleigh.pro,available,,,high,high,9,,,,
1d50261d-a9fc-43cf-9538-7a2246b906eb,heady.pro,available,,,high,high,5,,,,
163d90fc-00b4-4bbb-af37-12317f189978,spaceborne.pro,available,,,high,high,10,,,,
1cc5e47c-2ab5-4dfc-b74b-034a3a570e8c,complute.pro,available,,,high,high,8,,,,
eb36df37-9f04-4d7b-8887-c01b96f540d3,laxative.pro,available,3.48,33.98,high,low,8,namecheap,,,22/08/2026 21:25
87dc8565-b795-45c9-8243-c27d1602eb75,capitulate.pro,available,,,high,high,10,,,,
18049665-5b6d-4ad6-b91b-4ca07c90784c,postmodernism.pro,available,,,high,low,13,,,,
2deb63f7-f4aa-438c-a338-b9e199362db8,caseless.pro,available,,,high,low,8,,,,
ae0afe30-9f61-4a79-95eb-0eb01252186f,ofcom.pro,available,,,high,high,5,,,,
ceb4c83a-4a5f-44c1-ac0c-b44a24ee7198,tightest.pro,available,,,high,low,8,,,,
8d0fd3bb-1893-40eb-80d9-c869c6ed070b,spokespeople.pro,available,,,high,low,12,,,,
f7a4e1cd-1908-452a-90a0-042c28b64311,chitungwiza.pro,available,,,high,high,11,,,,
4cad1f94-d779-411c-86ef-0187c1aee830,nod.pro,available,,,high,high,3,,,,
f8595ae5-5913-47d3-94a5-b61ceaf6ce99,flexibility.pro,available,,,high,high,11,,,,
cc5a2b96-2192-4b56-be41-ac43472f4216,yay.pro,available,,,high,high,3,,,,
0d25f6b5-5256-41b9-b16d-cee26bdc359f,thneed.pro,available,,,high,high,6,,,,
920e8cd7-a417-494b-ad85-c098c1324441,ecuador.pro,available,,,high,high,7,,,,
71b9f54b-e391-4f58-8a37-ccbe5c15bbf4,prance.pro,available,,,high,high,6,,,,
92543633-f3b5-4dc9-bf03-17ad44310954,uncounted.pro,available,3.48,33.98,high,low,9,namecheap,,,13/08/2026 03:44
14d72aa0-4567-47c1-99a7-79cb0d91a5bf,kirkbymoorside.pro,available,,,high,high,14,,,,
ceffb78a-60c5-4093-add6-3b9bd1369ab2,mullah.pro,available,,,high,medium,6,,,,
1532558e-c66e-4b8d-9771-3e522e996366,nibbled.pro,available,,,medium,low,7,,,,
caa33a0e-9da7-4078-b485-5e731ed32873,wordinitial.pro,available,,,high,high,11,,,,
5acc65dc-db17-4d9a-8488-fc2457d87ada,foxcote.pro,available,,,high,high,7,,,,
a42c63d6-d51d-40af-8a39-6d71f6cd6f31,backslapping.pro,available,,,low,low,13,,,,
5382ed50-054c-4118-8a90-90dce3f10db7,broadcaster.pro,available,,,high,high,11,,,,
6293eee9-cb41-47ca-b5fa-bcc5f54f575e,noisette.pro,available,,,high,high,8,,,,
19464335-e5a6-4507-b5cb-d30c6dbf9043,santa.pro,resell,,,high,low,5,"Spaceship, Inc.",21/05/2021 14:30,21/05/2026 14:30,
10765801-d069-485a-8196-4cde49c5fcd2,celly.pro,available,,,high,high,5,,,,
481fb3b2-37e9-423e-bbd9-0c5da54c7f83,retinal.pro,available,1.98,33.98,high,low,7,namecheap,,,09/09/2026 15:37
e7905ae8-fc5e-4670-a49c-1c41432f1c0b,girlwatching.pro,available,,,high,low,12,,,,
0002b7bc-38b4-493c-9a0b-c0d6f800fa2a,moldavia.pro,available,,,high,high,8,,,,
40115fc3-b1de-4aee-aba6-f7be48d618a9,yokes.pro,available,,,high,low,5,,,,
21865e01-88f8-4ed2-8231-0c703999c162,mythicalness.pro,available,,,high,low,12,,,,
f209c2eb-776a-459e-a7cb-127257f367c1,disneyfication.pro,available,,,high,low,14,,,,
f3f48622-a33d-4d52-b44c-d2d1eab2757f,realia.pro,available,,,high,high,6,,,,
983cf287-334e-48de-bd05-0fe43ead48a7,womanspreading.pro,available,,,high,high,14,,,,
7cf57af7-022c-4c00-a1cb-4a7cae18aac6,nucleons.pro,available,,,medium,low,8,,,,
1022ea7a-4dc3-4379-b59e-6a516acd66d6,sco.pro,available,,,high,high,3,,,,
64d0c7ec-5b15-448a-bad4-064c83822198,directional.pro,available,,,high,high,11,,,,
b4ff2ee8-2f7f-44d4-b906-c33626944615,predominate.pro,available,,,high,high,11,,,,
4e1936f7-0a04-4097-a38f-08b6a1ecc8fa,racy.pro,available,3.48,33.98,high,low,4,namecheap,,,18/08/2026 18:00
860d35c7-d5b1-401c-bb24-090ea845139a,reheating.pro,available,,,high,high,9,,,,
c00fa151-143a-448b-b903-c5a8a1fd8eec,caroler.pro,available,,,high,high,7,,,,
60c034a5-ea9e-42a1-81fd-89173dec9dc1,endeavored.pro,available,,,medium,low,10,,,,
2c0a0aa0-215e-49c6-8340-1b3746790be2,transmittable.pro,available,,,high,high,13,,,,
513544f6-d14a-4361-aeac-6b4e0f419251,microwavable.pro,available,,,high,high,12,,,,
9c605a9b-df6b-4b4a-9a5b-91ec7d3269b4,gigaton.pro,available,,,high,high,7,,,,
02c8da27-5eee-4595-9136-db7114c2f960,sunderland.pro,available,,,high,high,10,,,,
4fd88418-40f7-44c5-8900-15cebe0f33d2,refracting.pro,available,,,high,high,10,,,,
335186ea-1893-4604-b214-ad9a2ef8d18a,fiberglassy.pro,available,,,high,high,11,,,,
a9a83d4d-1e1e-4e3c-82d1-29f125f1ea3d,quintette.pro,available,1.98,33.98,high,low,9,namecheap,,,09/09/2026 09:00
d0ffa7c6-aef5-4a40-9e92-ae957cbc0734,bibimbap.pro,available,,,high,low,8,,,,
b39c1745-ed8a-4fd1-8bf9-c2c5b55de9aa,analogise.pro,available,,,high,high,9,,,,
a378fb57-0451-48f8-a253-bebfed960232,weenie.pro,available,,,high,high,6,,,,
0d3aedd0-e2a8-4500-9e9d-c0e96f4c5e3a,rueful.pro,available,3.48,33.98,high,low,6,namecheap,,,12/08/2026 23:38
d07d2226-5759-4a09-af98-4d11583e0a51,eggciting.pro,available,,,high,high,9,,,,
4779bfec-f212-472e-a381-3f98fa3e5290,notionally.pro,available,,,high,high,10,,,,
8b50bcb4-5b33-42ae-b774-f0fa8396149d,cau.pro,available,,,high,high,3,,,,
e63c694a-7ec0-46d6-a055-c6113279f273,prepubescent.pro,available,,,high,high,12,,,,
eb76c1d4-63d9-4c92-9e69-7df384af2e7e,netting.pro,resell,,,high,high,7,"Sav.com, LLC - 2",16/01/2025 15:16,16/01/2026 15:16,
daba8e34-0827-45f4-811b-e2c77564b4f4,lionheartedly.pro,available,,,high,high,13,,,,
2ebbaceb-96a9-438f-941f-603ad1f5de31,mutually.pro,available,,,high,high,8,,,,
2f6b5a85-7078-4965-9db1-46251d6632af,integrated.pro,resell,,,high,low,10,Netregistry Wholesale Pty Ltd,21/05/2025 15:15,21/05/2027 15:15,
085c2b8c-00c2-42af-8866-7f7c29c1b6d0,unabridged.pro,available,1.98,33.98,high,low,10,namecheap,,,11/09/2026 23:28
29da07b3-d711-41a7-9b9d-1051ebcd3cab,dictated.pro,available,3.48,33.98,high,low,8,namecheap,,,14/08/2026 06:36
ac463eb5-a0e9-483c-958e-5d0d6b039165,chiming.pro,available,,,high,high,7,,,,
82436664-02a3-4fab-91d7-2026ce38c121,wilds.pro,available,,,high,low,5,,,,
5f87d100-8b33-44bf-8eca-fcdfc179e942,zsigmondy.pro,available,,,high,high,9,,,,
157b804e-841b-481c-a32b-1a1034b0c422,cent.pro,resell,,,high,low,4,Squarespace Domains II LLC,11/06/2022 13:15,11/06/2028 13:15,08/09/2026 08:07
193ec6fe-6896-4010-a744-0f2cdeefec1d,percipient.pro,available,1.98,33.98,high,low,10,namecheap,,,08/09/2026 16:17
a553d6e8-34e8-408f-bab5-2be8031e8d8e,coincide.pro,available,,,high,high,8,,,,
79cdd58d-cd01-474a-9bb9-83554974f3fd,nephews.pro,available,,,high,low,7,,,,
8145e582-f46b-4c30-9a0c-984f22c1d9af,flameproofer.pro,available,,,high,high,12,,,,
afd9442c-6ca4-418f-a589-e64b826db6bb,zee.pro,available,,,high,high,3,,,,
f5aefe7b-66d5-4396-abeb-b849b9ff48eb,spectrography.pro,available,,,high,low,13,,,,
649cf42d-0e58-4cce-8b01-095b9b27457f,worse.pro,available,3.58,29.49,high,low,5,namesilo,,,
53891c09-f11c-419d-b142-26d2a3f09d6a,cologn.pro,available,,,high,high,6,,,,
c1cbf9b8-4f6d-4703-b856-296347117488,undecorated.pro,available,,,high,high,11,,,,
5e50f6f8-8b7d-4626-952b-4b05d5161482,pulsebeat.pro,available,,,high,high,9,,,,